Trade #,Type,Signal,Date/Time,Price USDT,Contracts,Profit USD,Profit %,Cum. Profit USD,Cum. Profit %,Run-up USD,Run-up %,Drawdown USD,Drawdown %
174,Exit Long,盈145,2024-05-02 03:00,58580.0,0.001755,2.76,2.76,44.61,1.95,2.76,2.76,0.74,0.74
174,Entry Long,做多:145,2024-05-02 02:00,57004.7,0.001755,2.76,2.76,44.61,1.95,2.76,2.76,0.74,0.74
173,Exit Long,盈144,2024-04-30 07:00,63786.8,0.001592,1.58,1.58,41.85,1.13,1.58,1.58,0.47,0.47
173,Entry Long,做多:144,2024-04-30 00:00,62794.9,0.001592,1.58,1.58,41.85,1.13,1.58,1.58,0.47,0.47
172,Exit Short,盈143,2024-04-27 09:00,62922.0,0.001567,1.39,1.39,40.27,1,1.39,1.39,0.50,0.5
172,Entry Short,做空:143,2024-04-27 00:00,63811.1,0.001567,1.39,1.39,40.27,1,1.39,1.39,0.50,0.5
171,Exit Short,盈139,2024-04-24 23:00,65471.9,0.001498,1.87,1.87,38.87,1.36,1.87,1.87,0.56,0.56
171,Entry Short,做空:142,2024-04-23 11:00,66719.3,0.001498,1.87,1.87,38.87,1.36,1.87,1.87,0.56,0.56
170,Exit Short,盈139,2024-04-24 23:00,65471.9,0.00001,0.01,1.93,37.01,0.01,0.01,1.93,0.004,0.57
170,Entry Short,做空:141,2024-04-23 09:00,66758.6,0.00001,0.01,1.93,37.01,0.01,0.01,1.93,0.004,0.57
169,Exit Short,盈140,2024-04-24 23:00,65583.6,0.001487,1.75,1.76,36.99,1.29,1.75,1.76,0.57,0.57
169,Entry Short,做空:141,2024-04-23 09:00,66758.6,0.001487,1.75,1.76,36.99,1.29,1.75,1.76,0.57,0.57
168,Exit Short,盈140,2024-04-24 23:00,65583.6,0.000017,0.02,1.33,35.25,0.01,0.02,1.33,0.01,1.1
168,Entry Short,做空:140,2024-04-23 06:00,66466.8,0.000017,0.02,1.33,35.25,0.01,0.02,1.33,0.01,1.1
167,Exit Short,盈141,2024-04-23 16:00,65968.4,0.001487,0.74,0.75,35.23,0.55,0.74,0.75,1.09,1.1
167,Entry Short,做空:140,2024-04-23 06:00,66466.8,0.001487,0.74,0.75,35.23,0.55,0.74,0.75,1.09,1.1
166,Exit Short,盈141,2024-04-23 16:00,65968.4,0.00001,0.003,0.47,34.49,0,0.003,0.47,0.01,1.39
166,Entry Short,做空:139,2024-04-23 04:00,66280.2,0.00001,0.003,0.47,34.49,0,0.003,0.47,0.01,1.39
165,Exit Short,盈142,2024-04-23 16:00,65982.6,0.001498,0.45,0.45,34.49,0.33,0.45,0.45,1.38,1.39
165,Entry Short,做空:139,2024-04-23 04:00,66280.2,0.001498,0.45,0.45,34.49,0.33,0.45,0.45,1.38,1.39
164,Exit Short,损138,2024-04-22 12:00,65906.0,0.001537,-1.37,-1.37,34.04,-1.01,1.26,1.26,1.37,1.37
164,Entry Short,做空:138,2024-04-21 14:00,65014.5,0.001537,-1.37,-1.37,34.04,-1.01,1.26,1.26,1.37,1.37
163,Exit Long,盈137,2024-04-17 06:00,64201.5,0.001595,2.45,2.45,35.41,1.84,2.45,2.45,1.83,1.83
163,Entry Long,做多:137,2024-04-16 15:00,62664.5,0.001595,2.45,2.45,35.41,1.84,2.45,2.45,1.83,1.83
162,Exit Short,损136,2024-04-04 23:00,67691.8,0.001518,-2.79,-2.79,32.96,-2.06,1.21,1.21,2.79,2.79
162,Entry Short,做空:136,2024-04-04 01:00,65852.2,0.001518,-2.79,-2.79,32.96,-2.06,1.21,1.21,2.79,2.79
161,Exit Long,做空:136,2024-04-04 01:00,65852.2,0.001524,0.46,0.46,35.75,0.34,2.08,2.08,1.72,1.72
161,Entry Long,做多:135,2024-04-03 02:00,65550.9,0.001524,0.46,0.46,35.75,0.34,2.08,2.08,1.72,1.72
160,Exit Short,盈134,2024-03-31 08:00,69581.0,0.001426,0.71,0.71,35.29,0.53,0.71,0.71,0.0001,0
160,Entry Short,做空:134,2024-03-31 03:00,70080.0,0.001426,0.71,0.71,35.29,0.53,0.71,0.71,0.0001,0
159,Exit Long,盈133,2024-03-23 16:00,64596.7,0.001587,2.50,2.5,34.58,1.89,2.50,2.5,0.07,0.07
159,Entry Long,做多:133,2024-03-23 08:00,63022.4,0.001587,2.50,2.5,34.58,1.89,2.50,2.5,0.07,0.07
158,Exit Short,盈132,2024-03-18 22:00,67250.2,0.00146,1.84,1.84,32.08,1.41,1.84,1.84,0.23,0.23
158,Entry Short,做空:132,2024-03-18 16:00,68510.7,0.00146,1.84,1.84,32.08,1.41,1.84,1.84,0.23,0.23
157,Exit Long,盈131,2024-03-17 19:00,67205.9,0.001524,2.36,2.36,30.24,1.84,2.36,2.36,0.56,0.56
157,Entry Long,做多:131,2024-03-17 17:00,65658.0,0.001524,2.36,2.36,30.24,1.84,2.36,2.36,0.56,0.56
156,Exit Short,损130,2024-03-09 00:00,69591.1,0.001487,-3.65,-3.65,27.89,-2.77,2.36,2.36,3.65,3.65
156,Entry Short,做空:130,2024-03-07 04:00,67140.4,0.001487,-3.65,-3.65,27.89,-2.77,2.36,2.36,3.65,3.65
155,Exit Long,盈127,2024-03-03 21:00,62673.7,0.001611,1.46,1.47,31.53,1.13,1.46,1.47,0.18,0.18
155,Entry Long,做多:129,2024-03-03 19:00,61765.0,0.001611,1.46,1.47,31.53,1.13,1.46,1.47,0.18,0.18
154,Exit Long,盈126,2024-03-03 21:00,62627.9,0.000006,0.01,1.4,30.07,0,0.01,1.4,0.001,0.18
154,Entry Long,做多:129,2024-03-03 19:00,61765.0,0.000006,0.01,1.4,30.07,0,0.01,1.4,0.001,0.18
153,Exit Long,盈126,2024-03-03 21:00,62627.9,0.001607,1.27,1.27,30.06,0.98,1.27,1.27,0.81,0.82
153,Entry Long,做多:128,2024-03-03 11:00,61840.1,0.001607,1.27,1.27,30.06,0.98,1.27,1.27,0.81,0.82
152,Exit Long,盈128,2024-03-03 21:00,62480.5,0.000008,0.01,1.04,28.80,0,0.01,1.04,0.004,0.82
152,Entry Long,做多:128,2024-03-03 11:00,61840.1,0.000008,0.01,1.04,28.80,0,0.01,1.04,0.004,0.82
151,Exit Long,盈128,2024-03-03 21:00,62480.5,0.001607,0.74,0.74,28.79,0.58,0.74,0.74,1.10,1.1
151,Entry Long,做多:127,2024-03-03 09:00,62018.8,0.001607,0.74,0.74,28.79,0.58,0.74,0.74,1.10,1.1
150,Exit Long,盈129,2024-03-03 21:00,62457.7,0.000004,0.002,0.71,28.05,0,0.002,0.71,0.003,1.1
150,Entry Long,做多:127,2024-03-03 09:00,62018.8,0.000004,0.002,0.71,28.05,0,0.002,0.71,0.003,1.1
149,Exit Long,盈129,2024-03-03 21:00,62457.7,0.001613,0.82,0.82,28.05,0.65,0.82,0.82,0.99,0.99
149,Entry Long,做多:126,2024-03-03 07:00,61948.9,0.001613,0.82,0.82,28.05,0.65,0.82,0.82,0.99,0.99
148,Exit Short,做多:126,2024-03-03 07:00,61948.9,0.001626,-0.88,-0.88,27.23,-0.69,1.58,1.58,3.80,3.81
148,Entry Short,做空:125,2024-02-29 10:00,61407.2,0.001626,-0.88,-0.88,27.23,-0.69,1.58,1.58,3.80,3.81
147,Exit Short,盈124,2024-02-26 01:00,51382.6,0.001932,0.68,0.68,28.11,0.53,0.68,0.68,0.12,0.12
147,Entry Short,做空:124,2024-02-25 17:00,51734.0,0.001932,0.68,0.68,28.11,0.53,0.68,0.68,0.12,0.12
146,Exit Long,盈123,2024-02-25 02:00,51645.7,0.001959,1.15,1.15,27.43,0.91,1.15,1.15,1.06,1.06
146,Entry Long,做多:123,2024-02-24 02:00,51059.9,0.001959,1.15,1.15,27.43,0.91,1.15,1.15,1.06,1.06
145,Exit Long,盈122,2024-02-25 02:00,51574.7,0.001959,0.99,0.99,26.28,0.79,0.99,0.99,1.08,1.08
145,Entry Long,做多:122,2024-02-23 23:00,51070.2,0.001959,0.99,0.99,26.28,0.79,0.99,0.99,1.08,1.08
144,Exit Long,盈121,2024-02-20 22:00,52598.8,0.001917,0.88,0.88,25.29,0.71,0.88,0.88,0,0
144,Entry Long,做多:121,2024-02-20 20:00,52139.0,0.001917,0.88,0.88,25.29,0.71,0.88,0.88,0,0
143,Exit Short,盈120,2024-02-20 01:00,51881.6,0.001909,0.92,0.92,24.41,0.74,0.92,0.92,0.25,0.25
143,Entry Short,做空:120,2024-02-19 21:00,52362.5,0.001909,0.92,0.92,24.41,0.74,0.92,0.92,0.25,0.25
142,Exit Short,盈118,2024-02-17 23:00,51007.2,0.001915,2.22,2.22,23.49,1.83,2.22,2.22,1.29,1.29
142,Entry Short,做空:119,2024-02-15 14:00,52166.8,0.001915,2.22,2.22,23.49,1.83,2.22,2.22,1.29,1.29
141,Exit Short,盈118,2024-02-17 23:00,51007.2,0.000009,0.01,1.74,21.27,0.01,0.01,1.74,0.01,1.79
141,Entry Short,做空:118,2024-02-15 11:00,51912.2,0.000009,0.01,1.74,21.27,0.01,0.01,1.74,0.01,1.79
140,Exit Short,盈119,2024-02-16 06:00,51461.8,0.001915,0.86,0.87,21.26,0.72,0.86,0.87,1.78,1.79
140,Entry Short,做空:118,2024-02-15 11:00,51912.2,0.001915,0.86,0.87,21.26,0.72,0.86,0.87,1.78,1.79
139,Exit Short,损117,2024-02-13 00:00,48953.2,0.0021,-2.84,-2.84,20.40,-2.31,1.56,1.56,2.84,2.84
139,Entry Short,做空:117,2024-02-10 04:00,47600.4,0.0021,-2.84,-2.84,20.40,-2.31,1.56,1.56,2.84,2.84
138,Exit Short,损114,2024-02-09 11:00,45970.8,0.002207,-1.46,-1.46,23.24,-1.17,0.22,0.22,1.46,1.46
138,Entry Short,做空:116,2024-02-09 07:00,45309.9,0.002207,-1.46,-1.46,23.24,-1.17,0.22,0.22,1.46,1.46
137,Exit Short,损114,2024-02-09 11:00,45970.8,0.000012,-0.01,-1.54,24.70,-0.01,0.001,0.13,0.01,1.54
137,Entry Short,做空:115,2024-02-09 05:00,45271.8,0.000012,-0.01,-1.54,24.70,-0.01,0.001,0.13,0.01,1.54
136,Exit Short,损116,2024-02-09 11:00,45968.4,0.002197,-1.53,-1.54,24.71,-1.21,0.13,0.13,1.53,1.54
136,Entry Short,做空:115,2024-02-09 05:00,45271.8,0.002197,-1.53,-1.54,24.71,-1.21,0.13,0.13,1.53,1.54
135,Exit Short,损116,2024-02-09 11:00,45968.4,0.00001,-0.01,-2.02,26.24,-0.01,0.002,0.37,0.01,2.02
135,Entry Short,做空:114,2024-02-09 02:00,45059.6,0.00001,-0.01,-2.02,26.24,-0.01,0.002,0.37,0.01,2.02
134,Exit Short,损115,2024-02-09 11:00,45913.3,0.002209,-1.89,-1.89,26.25,-1.47,0.37,0.37,1.89,1.89
134,Entry Short,做空:114,2024-02-09 02:00,45059.6,0.002209,-1.89,-1.89,26.25,-1.47,0.37,0.37,1.89,1.89
133,Exit Long,损112,2024-01-23 04:00,39818.8,0.002454,-2.16,-2.17,28.14,-1.66,0.24,0.24,2.16,2.17
133,Entry Long,做多:113,2024-01-23 03:00,40700.1,0.002454,-2.16,-2.17,28.14,-1.66,0.24,0.24,2.16,2.17
132,Exit Long,损113,2024-01-23 03:00,39919.8,0.000004,-0.003,-1.92,30.30,0,0.0004,0.24,0.003,1.92
132,Entry Long,做多:113,2024-01-23 03:00,40700.1,0.000004,-0.003,-1.92,30.30,0,0.0004,0.24,0.003,1.92
131,Exit Long,损113,2024-01-23 03:00,39919.8,0.002454,-2.07,-2.07,30.30,-1.56,0.26,0.26,2.07,2.07
131,Entry Long,做多:112,2024-01-23 01:00,40763.7,0.002454,-2.07,-2.07,30.30,-1.56,0.26,0.26,2.07,2.07
130,Exit Short,盈111,2024-01-22 10:00,41317.7,0.002401,0.87,0.87,32.37,0.66,0.87,0.87,0.44,0.44
130,Entry Short,做空:111,2024-01-21 09:00,41681.0,0.002401,0.87,0.87,32.37,0.66,0.87,0.87,0.44,0.44
129,Exit Short,盈110,2024-01-16 23:00,42260.9,0.002338,1.24,1.24,31.50,0.95,1.24,1.24,0.35,0.35
129,Entry Short,做空:110,2024-01-16 23:00,42791.0,0.002338,1.24,1.24,31.50,0.95,1.24,1.24,0.35,0.35
128,Exit Short,盈109,2024-01-16 23:00,42441.7,0.002334,0.98,0.98,30.26,0.76,0.98,0.98,0.71,0.71
128,Entry Short,做空:109,2024-01-16 20:00,42861.0,0.002334,0.98,0.98,30.26,0.76,0.98,0.98,0.71,0.71
127,Exit Short,盈108,2024-01-01 07:00,42265.4,0.002344,0.89,0.89,29.28,0.69,0.89,0.89,0.15,0.15
127,Entry Short,做空:108,2024-01-01 05:00,42643.3,0.002344,0.89,0.89,29.28,0.69,0.89,0.89,0.15,0.15
126,Exit Long,盈107,2023-12-29 23:00,43110.4,0.002346,1.18,1.18,28.40,0.93,1.18,1.18,0.86,0.86
126,Entry Long,做多:107,2023-12-29 12:00,42607.4,0.002346,1.18,1.18,28.40,0.93,1.18,1.18,0.86,0.86
125,Exit Long,盈106,2023-12-18 23:00,41714.3,0.002434,1.44,1.44,27.22,1.15,1.44,1.44,0.52,0.52
125,Entry Long,做多:106,2023-12-18 21:00,41120.4,0.002434,1.44,1.44,27.22,1.15,1.44,1.44,0.52,0.52
124,Exit Long,盈105,2023-12-18 02:00,42231.4,0.002393,0.98,0.98,25.77,0.79,0.98,0.98,0.29,0.29
124,Entry Long,做多:105,2023-12-18 01:00,41820.2,0.002393,0.98,0.98,25.77,0.79,0.98,0.98,0.29,0.29
123,Exit Short,盈104,2023-12-14 22:00,42593.1,0.002319,1.19,1.2,24.79,0.97,1.19,1.2,0.03,0.03
123,Entry Short,做空:104,2023-12-14 22:00,43108.3,0.002319,1.19,1.2,24.79,0.97,1.19,1.2,0.03,0.03
122,Exit Long,盈103,2023-12-12 16:00,42013.2,0.002426,1.93,1.93,23.59,1.59,1.93,1.93,0.17,0.17
122,Entry Long,做多:103,2023-12-12 07:00,41215.8,0.002426,1.93,1.93,23.59,1.59,1.93,1.93,0.17,0.17
121,Exit Long,盈102,2023-12-11 06:00,44042.6,0.002284,0.66,0.66,21.66,0.55,0.66,0.66,0.01,0.01
121,Entry Long,做多:102,2023-12-10 21:00,43753.0,0.002284,0.66,0.66,21.66,0.55,0.66,0.66,0.01,0.01
120,Exit Short,损101,2023-12-03 04:00,39258.2,0.002583,-1.46,-1.46,21.00,-1.19,0.19,0.19,1.46,1.46
120,Entry Short,做空:101,2023-12-02 04:00,38695.0,0.002583,-1.46,-1.46,21.00,-1.19,0.19,0.19,1.46,1.46
119,Exit Long,盈100,2023-12-01 13:00,38225.6,0.002636,0.79,0.79,22.45,0.65,0.79,0.79,0.21,0.21
119,Entry Long,做多:100,2023-12-01 11:00,37924.7,0.002636,0.79,0.79,22.45,0.65,0.79,0.79,0.21,0.21
118,Exit Long,盈97,2023-12-01 13:00,38188.3,0.00264,1.27,1.27,21.66,1.05,1.27,1.27,0.31,0.31
118,Entry Long,做多:99,2023-12-01 09:00,37708.4,0.00264,1.27,1.27,21.66,1.05,1.27,1.27,0.31,0.31
117,Exit Long,盈98,2023-12-01 11:00,38045.2,0.000011,0.004,0.89,20.39,0,0.004,0.89,0.001,0.31
117,Entry Long,做多:99,2023-12-01 09:00,37708.4,0.000011,0.004,0.89,20.39,0,0.004,0.89,0.001,0.31
116,Exit Long,盈98,2023-12-01 11:00,38045.2,0.002644,1.06,1.07,20.39,0.89,1.06,1.07,0.16,0.17
116,Entry Long,做多:98,2023-12-01 02:00,37644.2,0.002644,1.06,1.07,20.39,0.89,1.06,1.07,0.16,0.17
115,Exit Long,盈99,2023-12-01 11:00,37977.9,0.000011,0.004,0.89,19.33,0,0.004,0.89,0.001,0.17
115,Entry Long,做多:98,2023-12-01 02:00,37644.2,0.000011,0.004,0.89,19.33,0,0.004,0.89,0.001,0.17
114,Exit Long,盈99,2023-12-01 11:00,37977.9,0.00264,0.29,0.29,19.32,0.25,0.29,0.29,1.12,1.12
114,Entry Long,做多:97,2023-11-30 21:00,37867.0,0.00264,0.29,0.29,19.32,0.25,0.29,0.29,1.12,1.12
113,Exit Short,做多:97,2023-11-30 21:00,37867.0,0.002631,0.29,0.29,19.03,0.25,1.14,1.14,0.84,0.84
113,Entry Short,做空:96,2023-11-29 20:00,37978.6,0.002631,0.29,0.29,19.03,0.25,1.14,1.14,0.84,0.84
112,Exit Short,盈95,2023-11-20 23:00,36784.5,0.002689,1.01,1.01,18.74,0.86,1.01,1.01,0.95,0.95
112,Entry Short,做空:95,2023-11-20 21:00,37159.9,0.002689,1.01,1.01,18.74,0.86,1.01,1.01,0.95,0.95
111,Exit Long,盈94,2023-11-13 10:00,37321.9,0.002701,0.86,0.86,17.73,0.74,0.86,0.86,0.22,0.22
111,Entry Long,做多:94,2023-11-12 13:00,37003.6,0.002701,0.86,0.86,17.73,0.74,0.86,0.86,0.22,0.22
110,Exit Short,盈93,2023-11-12 07:00,36864.2,0.002679,1.22,1.22,16.87,1.05,1.22,1.22,0.25,0.25
110,Entry Short,做空:93,2023-11-11 09:00,37318.3,0.002679,1.22,1.22,16.87,1.05,1.22,1.22,0.25,0.25
109,Exit Short,损92,2023-11-05 07:00,34978.4,0.002879,-0.75,-0.75,15.65,-0.64,0.05,0.05,0.75,0.75
109,Entry Short,做空:92,2023-11-05 05:00,34718.7,0.002879,-0.75,-0.75,15.65,-0.64,0.05,0.05,0.75,0.75
108,Exit Long,盈91,2023-11-03 23:00,34678.4,0.002916,1.16,1.16,16.40,1.01,1.16,1.16,0.38,0.38
108,Entry Long,做多:91,2023-11-03 20:00,34279.9,0.002916,1.16,1.16,16.40,1.01,1.16,1.16,0.38,0.38
107,Exit Short,损89,2023-10-29 22:00,34442.4,0.002928,-0.99,-0.99,15.24,-0.85,0.51,0.51,0.99,0.99
107,Entry Short,做空:90,2023-10-29 08:00,34103.3,0.002928,-0.99,-0.99,15.24,-0.85,0.51,0.51,0.99,0.99
106,Exit Short,损90,2023-10-29 21:00,34394.7,0.000003,-0.001,-0.85,16.23,0,0.001,0.51,0.001,0.85
106,Entry Short,做空:90,2023-10-29 08:00,34103.3,0.000003,-0.001,-0.85,16.23,0,0.001,0.51,0.001,0.85
105,Exit Short,损90,2023-10-29 21:00,34394.7,0.002928,-0.75,-0.75,16.23,-0.64,0.61,0.61,0.75,0.75
105,Entry Short,做空:89,2023-10-29 02:00,34139.4,0.002928,-0.75,-0.75,16.23,-0.64,0.61,0.61,0.75,0.75
104,Exit Short,损88,2023-10-24 05:00,31771.0,0.003227,-2.57,-2.57,16.98,-2.15,1.14,1.14,2.57,2.57
104,Entry Short,做空:88,2023-10-24 03:00,30975.2,0.003227,-2.57,-2.57,16.98,-2.15,1.14,1.14,2.57,2.57
103,Exit Short,损87,2023-10-14 05:00,26944.7,0.003739,-0.73,-0.73,19.55,-0.6,0.18,0.18,0.73,0.73
103,Entry Short,做空:87,2023-10-14 03:00,26750.1,0.003739,-0.73,-0.73,19.55,-0.6,0.18,0.18,0.73,0.73
102,Exit Long,盈84,2023-10-05 04:00,27715.0,0.00365,1.40,1.4,20.27,1.18,1.40,1.4,0.09,0.09
102,Entry Long,做多:86,2023-10-04 11:00,27331.3,0.00365,1.40,1.4,20.27,1.18,1.40,1.4,0.09,0.09
101,Exit Long,盈85,2023-10-05 04:00,27667.1,0.000008,0.003,1.23,18.87,0,0.003,1.23,0.0002,0.09
101,Entry Long,做多:86,2023-10-04 11:00,27331.3,0.000008,0.003,1.23,18.87,0,0.003,1.23,0.0002,0.09
100,Exit Long,盈85,2023-10-05 04:00,27667.1,0.003641,1.00,1,18.87,0.85,1.00,1,0.69,0.69
100,Entry Long,做多:85,2023-10-04 06:00,27393.3,0.003641,1.00,1,18.87,0.85,1.00,1,0.69,0.69
99,Exit Long,盈86,2023-10-04 18:00,27602.2,0.000008,0.002,0.76,17.87,0,0.002,0.76,0.002,0.69
99,Entry Long,做多:85,2023-10-04 06:00,27393.3,0.000008,0.002,0.76,17.87,0,0.002,0.76,0.002,0.69
98,Exit Long,盈86,2023-10-04 18:00,27602.2,0.00365,0.79,0.79,17.87,0.68,0.79,0.79,0.84,0.84
98,Entry Long,做多:84,2023-10-04 02:00,27384.8,0.00365,0.79,0.79,17.87,0.68,0.79,0.79,0.84,0.84
97,Exit Short,盈83,2023-10-03 01:00,27861.6,0.003533,1.55,1.55,17.08,1.34,1.55,1.55,0.38,0.38
97,Entry Short,做空:83,2023-10-03 00:00,28300.8,0.003533,1.55,1.55,17.08,1.34,1.55,1.55,0.38,0.38
96,Exit Long,损81,2023-09-21 19:00,26645.8,0.00369,-1.43,-1.43,15.53,-1.22,0.24,0.24,1.43,1.43
96,Entry Long,做多:82,2023-09-21 13:00,27033.4,0.00369,-1.43,-1.43,15.53,-1.22,0.24,0.24,1.43,1.43
95,Exit Long,损82,2023-09-21 18:00,26737.0,0.000009,-0.003,-1.1,16.96,0,0.001,0.24,0.003,1.1
95,Entry Long,做多:82,2023-09-21 13:00,27033.4,0.000009,-0.003,-1.1,16.96,0,0.001,0.24,0.003,1.1
94,Exit Long,损82,2023-09-21 18:00,26737.0,0.00369,-1.30,-1.3,16.96,-1.1,0.57,0.57,1.30,1.3
94,Entry Long,做多:81,2023-09-21 06:00,27090.4,0.00369,-1.30,-1.3,16.96,-1.1,0.57,0.57,1.30,1.3
93,Exit Short,盈77,2023-09-05 00:00,25769.1,0.003859,0.56,0.56,18.26,0.48,0.56,0.56,0.30,0.3
93,Entry Short,做空:80,2023-09-04 15:00,25914.5,0.003859,0.56,0.56,18.26,0.48,0.56,0.56,0.30,0.3
92,Exit Short,盈77,2023-09-05 00:00,25769.1,0.000003,0.001,0.69,17.70,0,0.001,0.69,0.0004,0.53
92,Entry Short,做空:79,2023-09-04 07:00,25948.5,0.000003,0.001,0.69,17.70,0,0.001,0.69,0.0004,0.53
91,Exit Short,盈80,2023-09-05 00:00,25783.8,0.00385,0.63,0.63,17.70,0.54,0.63,0.63,0.53,0.53
91,Entry Short,做空:79,2023-09-04 07:00,25948.5,0.00385,0.63,0.63,17.70,0.54,0.63,0.63,0.53,0.53
90,Exit Short,盈80,2023-09-05 00:00,25783.8,0.000009,0.001,0.34,17.07,0,0.001,0.34,0.002,0.98
90,Entry Short,做空:78,2023-09-04 01:00,25871.0,0.000009,0.001,0.34,17.07,0,0.001,0.34,0.002,0.98
89,Exit Short,盈79,2023-09-05 00:00,25791.2,0.003853,0.31,0.31,17.07,0.26,0.31,0.31,0.98,0.98
89,Entry Short,做空:78,2023-09-04 01:00,25871.0,0.003853,0.31,0.31,17.07,0.26,0.31,0.31,0.98,0.98
88,Exit Short,损78,2023-09-04 03:00,26037.3,0.000003,-0.0005,-0.64,16.76,0,0.0002,0.27,0.0005,0.64
88,Entry Short,做空:78,2023-09-04 01:00,25871.0,0.000003,-0.0005,-0.64,16.76,0,0.0002,0.27,0.0005,0.64
87,Exit Short,损78,2023-09-04 03:00,26037.3,0.003862,-0.55,-0.55,16.76,-0.47,0.36,0.36,0.55,0.55
87,Entry Short,做空:77,2023-09-03 22:00,25894.5,0.003862,-0.55,-0.55,16.76,-0.47,0.36,0.36,0.55,0.55
86,Exit Short,损76,2023-09-03 21:00,26029.5,0.003866,-0.64,-0.64,17.31,-0.54,0.02,0.02,0.64,0.64
86,Entry Short,做空:76,2023-09-03 18:00,25863.5,0.003866,-0.64,-0.64,17.31,-0.54,0.02,0.02,0.64,0.64
85,Exit Short,盈75,2023-08-28 09:00,25998.4,0.003835,0.33,0.33,17.95,0.28,0.33,0.33,0.16,0.16
85,Entry Short,做空:75,2023-08-28 06:00,26085.5,0.003835,0.33,0.33,17.95,0.28,0.33,0.33,0.16,0.16
84,Exit Short,盈74,2023-08-21 16:00,25990.3,0.003822,0.68,0.68,17.62,0.58,0.68,0.68,0.03,0.03
84,Entry Short,做空:74,2023-08-21 09:00,26168.5,0.003822,0.68,0.68,17.62,0.58,0.68,0.68,0.03,0.03
83,Exit Short,盈73,2023-08-21 00:00,25986.6,0.003829,0.51,0.51,16.94,0.44,0.51,0.51,0.05,0.05
83,Entry Short,做空:73,2023-08-20 23:00,26121.0,0.003829,0.51,0.51,16.94,0.44,0.51,0.51,0.05,0.05
82,Exit Long,损72,2023-08-17 05:00,28897.0,0.003432,-0.92,-0.92,16.43,-0.78,0.22,0.22,0.92,0.92
82,Entry Long,做多:72,2023-08-17 03:00,29164.0,0.003432,-0.92,-0.92,16.43,-0.78,0.22,0.22,0.92,0.92
81,Exit Long,损71,2023-08-17 05:00,28912.0,0.003433,-0.83,-0.83,17.34,-0.7,0.26,0.26,0.83,0.83
81,Entry Long,做多:71,2023-08-17 00:00,29153.0,0.003433,-0.83,-0.83,17.34,-0.7,0.26,0.26,0.83,0.83
80,Exit Long,损70,2023-08-17 05:00,28913.9,0.003434,-0.81,-0.81,18.17,-0.68,0.27,0.27,0.81,0.81
80,Entry Long,做多:70,2023-08-16 22:00,29150.0,0.003434,-0.81,-0.81,18.17,-0.68,0.27,0.27,0.81,0.81
79,Exit Long,损69,2023-08-17 01:00,28990.6,0.003429,-0.69,-0.69,18.98,-0.57,0.08,0.08,0.69,0.69
79,Entry Long,做多:69,2023-08-16 16:00,29191.0,0.003429,-0.69,-0.69,18.98,-0.57,0.08,0.08,0.69,0.69
78,Exit Long,损68,2023-08-12 01:00,29263.7,0.003404,-0.50,-0.5,19.66,-0.41,0.48,0.48,0.50,0.5
78,Entry Long,做多:68,2023-08-11 14:00,29410.0,0.003404,-0.50,-0.5,19.66,-0.41,0.48,0.48,0.50,0.5
77,Exit Long,损67,2023-08-12 01:00,29308.3,0.003387,-0.79,-0.79,20.16,-0.66,0.66,0.66,0.79,0.79
77,Entry Long,做多:67,2023-08-10 22:00,29542.5,0.003387,-0.79,-0.79,20.16,-0.66,0.66,0.66,0.79,0.79
76,Exit Short,盈66,2023-08-01 01:00,29164.4,0.003408,0.61,0.61,20.95,0.51,0.61,0.61,0.01,0.01
76,Entry Short,做空:66,2023-07-31 23:00,29344.5,0.003408,0.61,0.61,20.95,0.51,0.61,0.61,0.01,0.01
75,Exit Long,盈65,2023-07-28 23:00,29346.6,0.003425,0.52,0.52,20.34,0.43,0.52,0.52,0.07,0.07
75,Entry Long,做多:65,2023-07-28 19:00,29195.0,0.003425,0.52,0.52,20.34,0.43,0.52,0.52,0.07,0.07
74,Exit Short,盈64,2023-07-28 00:00,29299.6,0.00339,0.67,0.67,19.82,0.56,0.67,0.67,0.02,0.02
74,Entry Short,做空:64,2023-07-27 22:00,29496.0,0.00339,0.67,0.67,19.82,0.56,0.67,0.67,0.02,0.02
73,Exit Short,损63,2023-07-27 03:00,29386.8,0.003426,-0.69,-0.69,19.15,-0.58,0.16,0.16,0.69,0.69
73,Entry Short,做空:63,2023-07-26 14:00,29185.5,0.003426,-0.69,-0.69,19.15,-0.58,0.16,0.16,0.69,0.69
72,Exit Short,损62,2023-07-12 21:00,30877.5,0.003276,-1.18,-1.18,19.84,-0.97,0.81,0.81,1.18,1.18
72,Entry Short,做空:62,2023-07-11 17:00,30518.0,0.003276,-1.18,-1.18,19.84,-0.97,0.81,0.81,1.18,1.18
71,Exit Short,盈61,2023-07-10 05:00,30111.9,0.003303,0.51,0.51,21.02,0.42,0.51,0.51,0.05,0.05
71,Entry Short,做空:61,2023-07-10 02:00,30266.0,0.003303,0.51,0.51,21.02,0.42,0.51,0.51,0.05,0.05
70,Exit Long,盈60,2023-06-29 19:00,30510.5,0.00332,1.31,1.31,20.51,1.1,1.31,1.31,0.28,0.28
70,Entry Long,做多:60,2023-06-29 07:00,30114.5,0.00332,1.31,1.31,20.51,1.1,1.31,1.31,0.28,0.28
69,Exit Long,损59,2023-06-29 04:00,29861.0,0.003311,-1.09,-1.09,19.20,-0.9,0.20,0.2,1.09,1.09
69,Entry Long,做多:59,2023-06-29 04:00,30189.5,0.003311,-1.09,-1.09,19.20,-0.9,0.20,0.2,1.09,1.09
68,Exit Long,盈58,2023-06-24 00:00,30674.6,0.003302,1.31,1.31,20.29,1.1,1.31,1.31,0.10,0.1
68,Entry Long,做多:58,2023-06-24 00:00,30277.5,0.003302,1.31,1.31,20.29,1.1,1.31,1.31,0.10,0.1
67,Exit Short,盈57,2023-06-19 08:00,26304.8,0.003762,1.09,1.09,18.97,0.93,1.09,1.09,0.44,0.44
67,Entry Short,做空:57,2023-06-17 17:00,26595.5,0.003762,1.09,1.09,18.97,0.93,1.09,1.09,0.44,0.44
66,Exit Short,盈56,2023-06-05 11:00,26875.4,0.003688,0.84,0.84,17.88,0.72,0.84,0.84,0.05,0.05
66,Entry Short,做空:56,2023-06-05 09:00,27102.5,0.003688,0.84,0.84,17.88,0.72,0.84,0.84,0.05,0.05
65,Exit Short,盈54,2023-06-04 06:00,26931.6,0.003672,1.08,1.08,17.04,0.93,1.08,1.08,0.34,0.34
65,Entry Short,做空:55,2023-06-03 09:00,27224.5,0.003672,1.08,1.08,17.04,0.93,1.08,1.08,0.34,0.34
64,Exit Short,盈54,2023-06-04 06:00,26931.6,0.000009,0.002,0.83,15.97,0,0.002,0.83,0.001,0.59
64,Entry Short,做空:54,2023-06-03 06:00,27157.5,0.000009,0.002,0.83,15.97,0,0.002,0.83,0.001,0.59
63,Exit Short,盈55,2023-06-04 06:00,27007.9,0.003672,0.55,0.55,15.97,0.48,0.55,0.55,0.59,0.59
63,Entry Short,做空:54,2023-06-03 06:00,27157.5,0.003672,0.55,0.55,15.97,0.48,0.55,0.55,0.59,0.59
62,Exit Long,盈53,2023-06-01 08:00,27220.7,0.003713,1.12,1.12,15.42,0.98,1.12,1.12,0.09,0.09
62,Entry Long,做多:53,2023-06-01 02:00,26920.0,0.003713,1.12,1.12,15.42,0.98,1.12,1.12,0.09,0.09
61,Exit Short,盈52,2023-05-27 22:00,26539.7,0.003739,0.72,0.72,14.30,0.63,0.72,0.72,0.14,0.14
61,Entry Short,做空:52,2023-05-27 13:00,26731.5,0.003739,0.72,0.72,14.30,0.63,0.72,0.72,0.14,0.14
60,Exit Short,损51,2023-05-26 23:00,26633.7,0.003782,-0.74,-0.74,13.58,-0.65,0.37,0.37,0.74,0.74
60,Entry Short,做空:51,2023-05-26 19:00,26437.5,0.003782,-0.74,-0.74,13.58,-0.65,0.37,0.37,0.74,0.74
59,Exit Long,盈50,2023-05-26 04:00,26479.2,0.003821,1.18,1.18,14.32,1.04,1.18,1.18,0.22,0.22
59,Entry Long,做多:50,2023-05-25 13:00,26170.0,0.003821,1.18,1.18,14.32,1.04,1.18,1.18,0.22,0.22
58,Exit Short,盈49,2023-05-18 23:00,27111.5,0.003658,0.80,0.8,13.14,0.71,0.80,0.8,0.45,0.45
58,Entry Short,做空:49,2023-05-18 20:00,27331.0,0.003658,0.80,0.8,13.14,0.71,0.80,0.8,0.45,0.45
57,Exit Long,损48,2023-05-17 20:00,26686.5,0.003703,-1.15,-1.15,12.34,-1.01,0.84,0.84,1.15,1.15
57,Entry Long,做多:48,2023-05-17 07:00,26996.5,0.003703,-1.15,-1.15,12.34,-1.01,0.84,0.84,1.15,1.15
56,Exit Short,盈47,2023-05-16 08:00,27116.9,0.003645,1.09,1.09,13.49,0.97,1.09,1.09,0.05,0.05
56,Entry Short,做空:47,2023-05-16 04:00,27416.5,0.003645,1.09,1.09,13.49,0.97,1.09,1.09,0.05,0.05
55,Exit Long,损46,2023-05-12 15:00,26145.5,0.003751,-1.88,-1.88,12.40,-1.65,0.05,0.05,1.88,1.88
55,Entry Long,做多:46,2023-05-12 14:00,26646.5,0.003751,-1.88,-1.88,12.40,-1.65,0.05,0.05,1.88,1.88
54,Exit Long,盈45,2023-05-10 21:00,27899.6,0.003627,1.35,1.35,14.28,1.19,1.35,1.35,0.72,0.72
54,Entry Long,做多:45,2023-05-09 06:00,27528.0,0.003627,1.35,1.35,14.28,1.19,1.35,1.35,0.72,0.72
53,Exit Short,盈44,2023-05-04 22:00,28804.1,0.003428,1.22,1.22,12.93,1.09,1.22,1.22,0.25,0.25
53,Entry Short,做空:44,2023-05-04 21:00,29159.5,0.003428,1.22,1.22,12.93,1.09,1.22,1.22,0.25,0.25
52,Exit Long,盈42,2023-05-03 00:00,28721.8,0.003527,2.65,2.68,11.71,2.43,2.65,2.68,0.37,0.38
52,Entry Long,做多:43,2023-05-02 07:00,27972.0,0.003527,2.65,2.68,11.71,2.43,2.65,2.68,0.37,0.38
51,Exit Long,盈43,2023-05-02 23:00,28463.1,0.000046,0.02,1.76,9.06,0.02,0.02,1.76,0.005,0.38
51,Entry Long,做多:43,2023-05-02 07:00,27972.0,0.000046,0.02,1.76,9.06,0.02,0.02,1.76,0.005,0.38
50,Exit Long,盈43,2023-05-02 23:00,28463.1,0.003527,0.45,0.45,9.04,0.41,0.45,0.45,2.43,2.43
50,Entry Long,做多:42,2023-05-02 02:00,28336.0,0.003527,0.45,0.45,9.04,0.41,0.45,0.45,2.43,2.43
49,Exit Long,损41,2023-04-21 04:00,28138.9,0.003466,-2.42,-2.42,8.59,-2.18,0.81,0.81,2.42,2.42
49,Entry Long,做多:41,2023-04-20 13:00,28835.5,0.003466,-2.42,-2.42,8.59,-2.18,0.81,0.81,2.42,2.42
48,Exit Long,损40,2023-04-20 21:00,28320.1,0.003458,-2.02,-2.02,11.01,-1.79,0.57,0.57,2.02,2.02
48,Entry Long,做多:40,2023-04-20 10:00,28905.0,0.003458,-2.02,-2.02,11.01,-1.79,0.57,0.57,2.02,2.02
47,Exit Short,盈39,2023-04-19 17:00,29949.6,0.003291,1.37,1.37,13.03,1.22,1.37,1.37,0.10,0.1
47,Entry Short,做空:39,2023-04-19 07:00,30364.5,0.003291,1.37,1.37,13.03,1.22,1.37,1.37,0.10,0.1
46,Exit Long,盈37,2023-04-17 03:00,30469.2,0.003298,0.72,0.72,11.66,0.65,0.72,0.72,0.34,0.34
46,Entry Long,做多:38,2023-04-16 12:00,30251.5,0.003298,0.72,0.72,11.66,0.65,0.72,0.72,0.34,0.34
45,Exit Long,盈38,2023-04-17 03:00,30430.2,0.000004,0.001,0.59,10.95,0,0.001,0.59,0.0004,0.34
45,Entry Long,做多:38,2023-04-16 12:00,30251.5,0.000004,0.001,0.59,10.95,0,0.001,0.59,0.0004,0.34
44,Exit Long,盈38,2023-04-17 03:00,30430.2,0.003298,0.46,0.46,10.95,0.42,0.46,0.46,0.61,0.61
44,Entry Long,做多:37,2023-04-16 04:00,30290.5,0.003298,0.46,0.46,10.95,0.42,0.46,0.46,0.61,0.61
43,Exit Long,盈35,2023-04-13 18:00,30289.4,0.003335,1.35,1.35,10.48,1.24,1.35,1.35,0.11,0.11
43,Entry Long,做多:36,2023-04-13 09:00,29885.0,0.003335,1.35,1.35,10.48,1.24,1.35,1.35,0.11,0.11
42,Exit Long,盈36,2023-04-13 17:00,30238.4,0.000007,0.002,1.18,9.13,0,0.002,1.18,0.0002,0.11
42,Entry Long,做多:36,2023-04-13 09:00,29885.0,0.000007,0.002,1.18,9.13,0,0.002,1.18,0.0002,0.11
41,Exit Long,盈36,2023-04-13 17:00,30238.4,0.003335,0.97,0.97,9.13,0.9,0.97,0.97,0.51,0.51
41,Entry Long,做多:35,2023-04-13 06:00,29947.5,0.003335,0.97,0.97,9.13,0.9,0.97,0.97,0.51,0.51
40,Exit Long,盈33,2023-04-10 06:00,28389.1,0.003564,1.66,1.67,8.16,1.56,1.66,1.67,0.70,0.7
40,Entry Long,做多:34,2023-04-06 21:00,27922.5,0.003564,1.66,1.67,8.16,1.56,1.66,1.67,0.70,0.7
39,Exit Long,盈34,2023-04-10 04:00,28182.1,0.000016,0.004,0.93,6.50,0,0.004,0.93,0.003,0.7
39,Entry Long,做多:34,2023-04-06 21:00,27922.5,0.000016,0.004,0.93,6.50,0,0.004,0.93,0.003,0.7
38,Exit Long,盈34,2023-04-10 04:00,28182.1,0.003564,0.47,0.47,6.49,0.44,0.47,0.47,1.32,1.32
38,Entry Long,做多:33,2023-04-06 11:00,28051.5,0.003564,0.47,0.47,6.49,0.44,0.47,0.47,1.32,1.32
37,Exit Short,盈32,2023-04-03 00:00,28095.4,0.003498,1.68,1.68,6.03,1.61,1.68,1.68,0.14,0.14
37,Entry Short,做空:32,2023-04-01 12:00,28575.5,0.003498,1.68,1.68,6.03,1.61,1.68,1.68,0.14,0.14
36,Exit Long,盈31,2023-03-31 22:00,28364.8,0.003586,1.73,1.73,4.35,1.68,1.73,1.73,0.15,0.15
36,Entry Long,做多:31,2023-03-31 20:00,27883.5,0.003586,1.73,1.73,4.35,1.68,1.73,1.73,0.15,0.15
35,Exit Short,盈29,2023-03-19 01:00,26576.1,0.003627,3.37,3.38,2.62,3.4,3.37,3.38,0.55,0.55
35,Entry Short,做空:30,2023-03-18 16:00,27504.5,0.003627,3.37,3.38,2.62,3.4,3.37,3.38,0.55,0.55
34,Exit Short,盈29,2023-03-19 01:00,26576.1,0.000023,0.02,2.75,-0.75,0.02,0.02,2.75,0.01,1.2
34,Entry Short,做空:29,2023-03-18 11:00,27329.0,0.000023,0.02,2.75,-0.75,0.02,0.02,2.75,0.01,1.2
33,Exit Short,盈30,2023-03-19 01:00,26885.7,0.003627,1.61,1.62,-0.77,1.65,1.61,1.62,1.19,1.2
33,Entry Short,做空:29,2023-03-18 11:00,27329.0,0.003627,1.61,1.62,-0.77,1.65,1.61,1.62,1.19,1.2
32,Exit Short,损28,2023-03-17 10:00,25415.7,0.004005,-2.02,-2.02,-2.38,-2.03,0.02,0.02,2.02,2.02
32,Entry Short,做空:28,2023-03-17 10:00,24912.5,0.004005,-2.02,-2.02,-2.38,-2.03,0.02,0.02,2.02,2.02
31,Exit Short,损27,2023-03-17 10:00,25405.8,0.004032,-2.86,-2.87,-0.36,-2.79,0.17,0.17,2.86,2.87
31,Entry Short,做空:27,2023-03-17 06:00,24697.0,0.004032,-2.86,-2.87,-0.36,-2.79,0.17,0.17,2.86,2.87
30,Exit Long,盈26,2023-03-16 19:00,24885.9,0.004093,2.27,2.27,2.50,2.27,2.27,2.27,0.54,0.54
30,Entry Long,做多:26,2023-03-16 11:00,24332.5,0.004093,2.27,2.27,2.50,2.27,2.27,2.27,0.54,0.54
29,Exit Long,盈25,2023-03-10 22:00,20137.9,0.005063,1.97,1.97,0.23,2,1.97,1.97,0.16,0.16
29,Entry Long,做多:25,2023-03-10 21:00,19749.5,0.005063,1.97,1.97,0.23,2,1.97,1.97,0.16,0.16
28,Exit Long,损23,2023-03-10 03:00,21337.2,0.004608,-1.68,-1.68,-1.74,-1.68,0.57,0.57,1.68,1.68
28,Entry Long,做多:24,2023-03-09 23:00,21701.5,0.004608,-1.68,-1.68,-1.74,-1.68,0.57,0.57,1.68,1.68
27,Exit Long,损23,2023-03-10 03:00,21337.2,0.000013,-0.004,-1.41,-0.06,0,0.002,0.84,0.004,1.41
27,Entry Long,做多:23,2023-03-09 20:00,21643.0,0.000013,-0.004,-1.41,-0.06,0,0.002,0.84,0.004,1.41
26,Exit Long,损24,2023-03-10 03:00,21366.9,0.004608,-1.27,-1.28,-0.06,-1.26,0.84,0.84,1.27,1.28
26,Entry Long,做多:23,2023-03-09 20:00,21643.0,0.004608,-1.27,-1.28,-0.06,-1.26,0.84,0.84,1.27,1.28
25,Exit Long,损22,2023-03-09 07:00,21665.9,0.004519,-2.07,-2.07,1.22,-2.01,0.35,0.35,2.07,2.07
25,Entry Long,做多:22,2023-03-09 01:00,22124.5,0.004519,-2.07,-2.07,1.22,-2.01,0.35,0.35,2.07,2.07
24,Exit Short,盈21,2023-03-07 23:00,22233.9,0.00446,0.81,0.81,3.29,0.79,0.81,0.81,0.74,0.74
24,Entry Short,做空:21,2023-03-06 08:00,22416.5,0.00446,0.81,0.81,3.29,0.79,0.81,0.81,0.74,0.74
23,Exit Short,盈20,2023-03-06 11:00,22271.2,0.004461,0.64,0.64,2.47,0.63,0.64,0.64,0.59,0.59
23,Entry Short,做空:20,2023-03-06 00:00,22414.0,0.004461,0.64,0.64,2.47,0.63,0.64,0.64,0.59,0.59
22,Exit Short,损19,2023-03-06 06:00,22545.5,0.004468,-0.76,-0.76,1.84,-0.74,0.30,0.3,0.76,0.76
22,Entry Short,做空:19,2023-03-05 21:00,22376.0,0.004468,-0.76,-0.76,1.84,-0.74,0.30,0.3,0.76,0.76
21,Exit Long,盈18,2023-03-03 05:00,23509.7,0.004298,1.06,1.06,2.59,1.04,1.06,1.06,0.06,0.06
21,Entry Long,做多:18,2023-03-03 03:00,23264.0,0.004298,1.06,1.06,2.59,1.04,1.06,1.06,0.06,0.06
20,Exit Short,损17,2023-02-27 03:00,23403.8,0.004315,-1.00,-1,1.54,-0.97,0.18,0.18,1.00,1
20,Entry Short,做空:17,2023-02-27 02:00,23172.5,0.004315,-1.00,-1,1.54,-0.97,0.18,0.18,1.00,1
19,Exit Short,盈16,2023-02-25 00:00,23415.6,0.004206,1.49,1.49,2.54,1.48,1.49,1.49,0.34,0.34
19,Entry Short,做空:16,2023-02-24 23:00,23770.0,0.004206,1.49,1.49,2.54,1.48,1.49,1.49,0.34,0.34
18,Exit Short,盈15,2023-02-13 06:00,21807.9,0.004554,0.67,0.67,1.04,0.67,0.67,0.67,0.25,0.25
18,Entry Short,做空:15,2023-02-13 04:00,21956.0,0.004554,0.67,0.67,1.04,0.67,0.67,0.67,0.25,0.25
17,Exit Short,损14,2023-02-12 23:00,21984.8,0.004583,-0.79,-0.79,0.37,-0.78,0.29,0.29,0.79,0.79
17,Entry Short,做空:14,2023-02-12 22:00,21813.5,0.004583,-0.79,-0.79,0.37,-0.78,0.29,0.29,0.79,0.79
16,Exit Long,盈13,2023-02-07 01:00,23079.1,0.004371,0.91,0.91,1.16,0.91,0.91,0.91,0.63,0.63
16,Entry Long,做多:13,2023-02-06 17:00,22871.0,0.004371,0.91,0.91,1.16,0.91,0.91,0.91,0.63,0.63
15,Exit Long,损9,2023-02-06 02:00,22962.2,0.004252,-1.62,-1.63,0.25,-1.59,1.01,1.02,1.62,1.63
15,Entry Long,做多:12,2023-02-04 16:00,23343.5,0.004252,-1.62,-1.63,0.25,-1.59,1.01,1.02,1.62,1.63
14,Exit Long,损10,2023-02-05 21:00,23036.2,0.000031,-0.01,-1.32,1.87,-0.01,0.01,1.02,0.01,1.32
14,Entry Long,做多:12,2023-02-04 16:00,23343.5,0.000031,-0.01,-1.32,1.87,-0.01,0.01,1.02,0.01,1.32
13,Exit Long,损10,2023-02-05 21:00,23036.2,0.004246,-1.48,-1.49,1.88,-1.43,0.84,0.84,1.48,1.49
13,Entry Long,做多:11,2023-02-04 12:00,23384.5,0.004246,-1.48,-1.49,1.88,-1.43,0.84,0.84,1.48,1.49
12,Exit Long,损11,2023-02-05 21:00,23126.0,0.00003,-0.01,-1.11,3.36,-0.01,0.01,0.84,0.01,1.11
12,Entry Long,做多:11,2023-02-04 12:00,23384.5,0.00003,-0.01,-1.11,3.36,-0.01,0.01,0.84,0.01,1.11
11,Exit Long,损11,2023-02-05 21:00,23126.0,0.004246,-1.07,-1.07,3.36,-1.02,0.87,0.88,1.07,1.07
11,Entry Long,做多:10,2023-02-04 07:00,23377.0,0.004246,-1.07,-1.07,3.36,-1.02,0.87,0.88,1.07,1.07
10,Exit Long,盈12,2023-02-04 22:00,23535.1,0.000031,0.005,0.68,4.43,0,0.005,0.68,0.004,0.54
10,Entry Long,做多:10,2023-02-04 07:00,23377.0,0.000031,0.005,0.68,4.43,0,0.005,0.68,0.004,0.54
9,Exit Long,盈12,2023-02-04 22:00,23535.1,0.004252,0.11,0.11,4.42,0.1,0.85,0.85,1.31,1.31
9,Entry Long,做多:9,2023-02-04 00:00,23509.5,0.004252,0.11,0.11,4.42,0.1,0.85,0.85,1.31,1.31
8,Exit Short,盈8,2023-02-02 04:00,22816.2,0.004324,1.33,1.33,4.32,1.29,1.33,1.33,0.20,0.2
8,Entry Short,做空:8,2023-02-01 09:00,23123.0,0.004324,1.33,1.33,4.32,1.29,1.33,1.33,0.20,0.2
7,Exit Long,盈7,2023-01-26 05:00,22852.4,0.004429,1.24,1.24,2.99,1.22,1.24,1.24,0.28,0.28
7,Entry Long,做多:7,2023-01-26 01:00,22572.5,0.004429,1.24,1.24,2.99,1.22,1.24,1.24,0.28,0.28
6,Exit Long,盈6,2023-01-23 23:00,23006.2,0.004401,1.29,1.29,1.75,1.28,1.29,1.29,0.98,0.98
6,Entry Long,做多:6,2023-01-23 18:00,22713.0,0.004401,1.29,1.29,1.75,1.28,1.29,1.29,0.98,0.98
5,Exit Long,损5,2023-01-23 05:00,22478.2,0.004363,-1.91,-1.91,0.46,-1.87,0.06,0.06,1.91,1.91
5,Entry Long,做多:5,2023-01-23 03:00,22916.0,0.004363,-1.91,-1.91,0.46,-1.87,0.06,0.06,1.91,1.91
4,Exit Short,做多:5,2023-01-23 03:00,22916.0,0.004387,-0.56,-0.56,2.37,-0.55,0.76,0.76,2.53,2.53
4,Entry Short,做空:4,2023-01-21 20:00,22788.0,0.004387,-0.56,-0.56,2.37,-0.55,0.76,0.76,2.53,2.53
3,Exit Long,盈3,2023-01-16 10:00,21175.2,0.00479,1.45,1.45,2.93,1.43,1.45,1.45,0.62,0.62
3,Entry Long,做多:3,2023-01-16 05:00,20873.0,0.00479,1.45,1.45,2.93,1.43,1.45,1.45,0.62,0.62
2,Exit Short,盈2,2023-01-10 05:00,17200.6,0.005783,0.55,0.55,1.48,0.54,0.55,0.55,0.07,0.07
2,Entry Short,做空:2,2023-01-10 05:00,17295.0,0.005783,0.55,0.55,1.48,0.54,0.55,0.55,0.07,0.07
1,Exit Short,盈1,2023-01-06 22:00,16683.3,0.00594,0.94,0.94,0.94,0.94,0.94,0.94,0.21,0.21
1,Entry Short,做空:1,2023-01-05 05:00,16841.0,0.00594,0.94,0.94,0.94,0.94,0.94,0.94,0.21,0.21