Trade #,Type,Signal,Date/Time,Price USD,Contracts,Profit USD,Profit %,Cum. Profit USD,Cum. Profit %,Run-up USD,Run-up %,Drawdown USD,Drawdown %
284,Exit Short,Open,,,,,,,,,,,
284,Entry Short,My Short Entry Id,2024-01-03 22:00,42556.00,,,,,,,,,
283,Exit Long,My Short Entry Id,2024-01-03 22:00,42556.00,0.079653,-185.19,-5.18,13642.64,-0.78,83.24,2.33,332.95,9.31
283,Entry Long,My Long Entry Id,2024-01-02 10:00,44881.00,0.079653,-185.19,-5.18,13642.64,-0.78,83.24,2.33,332.95,9.31
282,Exit Short,My Long Entry Id,2024-01-02 10:00,44881.00,0.085044,-211.16,-5.86,13827.83,-0.88,75.43,2.09,255.56,7.09
282,Entry Short,My Short Entry Id,2023-12-26 18:00,42398.00,0.085044,-211.16,-5.86,13827.83,-0.88,75.43,2.09,255.56,7.09
281,Exit Long,My Short Entry Id,2023-12-26 18:00,42398.00,0.084235,-54.92,-1.51,14039.00,-0.23,114.90,3.17,215.81,5.95
281,Entry Long,My Long Entry Id,2023-12-14 06:00,43050.00,0.084235,-54.92,-1.51,14039.00,-0.23,114.90,3.17,215.81,5.95
280,Exit Short,My Long Entry Id,2023-12-14 06:00,43050.00,0.086283,-87.58,-2.41,14093.92,-0.36,163.07,4.5,98.45,2.71
280,Entry Short,My Short Entry Id,2023-12-11 14:00,42035.00,0.086283,-87.58,-2.41,14093.92,-0.36,163.07,4.5,98.45,2.71
279,Exit Long,My Short Entry Id,2023-12-11 14:00,42035.00,0.09345,353.80,9.9,14181.50,1.48,605.37,16.94,71.40,2
279,Entry Long,My Long Entry Id,2023-11-29 02:00,38249.00,0.09345,353.80,9.9,14181.50,1.48,605.37,16.94,71.40,2
278,Exit Short,My Long Entry Id,2023-11-29 02:00,38249.00,0.099932,-215.85,-5.99,13827.69,-0.9,6.50,0.18,233.44,6.47
278,Entry Short,My Short Entry Id,2023-11-22 10:00,36089.00,0.099932,-215.85,-5.99,13827.69,-0.9,6.50,0.18,233.44,6.47
277,Exit Long,My Short Entry Id,2023-11-22 10:00,36089.00,0.096438,-152.37,-4.19,14043.55,-0.63,29.32,0.81,209.17,5.76
277,Entry Long,My Long Entry Id,2023-11-16 06:00,37669.00,0.096438,-152.37,-4.19,14043.55,-0.63,29.32,0.81,209.17,5.76
276,Exit Short,My Long Entry Id,2023-11-16 06:00,37669.00,0.101256,-160.59,-4.4,14195.92,-0.66,137.91,3.77,178.31,4.88
276,Entry Short,My Short Entry Id,2023-11-15 02:00,36083.00,0.101256,-160.59,-4.4,14195.92,-0.66,137.91,3.77,178.31,4.88
275,Exit Long,My Short Entry Id,2023-11-15 02:00,36083.00,0.125762,1040.30,29.74,14356.51,4.46,1280.38,36.61,21.13,0.6
275,Entry Long,My Long Entry Id,2023-10-16 17:00,27811.00,0.125762,1040.30,29.74,14356.51,4.46,1280.38,36.61,21.13,0.6
274,Exit Short,My Long Entry Id,2023-10-16 17:00,27811.00,0.127792,-49.33,-1.41,13316.21,-0.21,117.06,3.34,91.50,2.61
274,Entry Short,My Short Entry Id,2023-10-03 09:00,27425.00,0.127792,-49.33,-1.41,13316.21,-0.21,117.06,3.34,91.50,2.61
273,Exit Long,My Short Entry Id,2023-10-03 09:00,27425.00,0.130745,95.31,2.73,13365.54,0.41,248.02,7.11,81.19,2.33
273,Entry Long,My Long Entry Id,2023-09-27 21:00,26696.00,0.130745,95.31,2.73,13365.54,0.41,248.02,7.11,81.19,2.33
272,Exit Short,My Long Entry Id,2023-09-27 21:00,26696.00,0.131668,-17.91,-0.51,13270.22,-0.08,75.84,2.17,35.02,1
272,Entry Short,My Short Entry Id,2023-09-23 06:00,26560.00,0.131668,-17.91,-0.51,13270.22,-0.08,75.84,2.17,35.02,1
271,Exit Long,My Short Entry Id,2023-09-23 06:00,26560.00,0.133439,59.91,1.72,13288.13,0.26,183.48,5.27,47.37,1.36
271,Entry Long,My Long Entry Id,2023-09-12 21:00,26111.00,0.133439,59.91,1.72,13288.13,0.26,183.48,5.27,47.37,1.36
270,Exit Short,My Long Entry Id,2023-09-12 21:00,26111.00,0.139226,-131.29,-3.75,13228.22,-0.56,37.87,1.08,158.02,4.51
270,Entry Short,My Short Entry Id,2023-09-12 01:00,25168.00,0.139226,-131.29,-3.75,13228.22,-0.56,37.87,1.08,158.02,4.51
269,Exit Long,My Short Entry Id,2023-09-12 01:00,25168.00,0.133856,-159.02,-4.51,13359.51,-0.68,3.35,0.09,190.21,5.39
269,Entry Long,My Long Entry Id,2023-09-08 09:00,26356.00,0.133856,-159.02,-4.51,13359.51,-0.68,3.35,0.09,190.21,5.39
268,Exit Short,My Long Entry Id,2023-09-08 09:00,26356.00,0.134635,-17.77,-0.5,13518.53,-0.08,123.06,3.49,29.22,0.83
268,Entry Short,My Short Entry Id,2023-09-01 01:00,26224.00,0.134635,-17.77,-0.5,13518.53,-0.08,123.06,3.49,29.22,0.83
267,Exit Long,My Short Entry Id,2023-09-01 01:00,26224.00,0.133067,-46.84,-1.32,13536.30,-0.2,208.92,5.91,110.18,3.12
267,Entry Long,My Long Entry Id,2023-08-24 05:00,26576.00,0.133067,-46.84,-1.32,13536.30,-0.2,208.92,5.91,110.18,3.12
266,Exit Short,My Long Entry Id,2023-08-24 05:00,26576.00,0.119834,306.66,8.78,13583.14,1.32,456.45,13.07,7.07,0.2
266,Entry Short,My Short Entry Id,2023-08-16 17:00,29135.00,0.119834,306.66,8.78,13583.14,1.32,456.45,13.07,7.07,0.2
265,Exit Long,My Short Entry Id,2023-08-16 17:00,29135.00,0.117567,-78.30,-2.23,13276.48,-0.34,49.14,1.4,134.73,3.85
265,Entry Long,My Long Entry Id,2023-08-02 09:00,29801.00,0.117567,-78.30,-2.23,13276.48,-0.34,49.14,1.4,134.73,3.85
264,Exit Short,My Long Entry Id,2023-08-02 09:00,29801.00,0.115716,51.73,1.48,13354.78,0.22,195.91,5.6,22.68,0.65
264,Entry Short,My Short Entry Id,2023-07-15 06:00,30248.00,0.115716,51.73,1.48,13354.78,0.22,195.91,5.6,22.68,0.65
263,Exit Long,My Short Entry Id,2023-07-15 06:00,30248.00,0.113874,-59.21,-1.69,13303.06,-0.25,119.23,3.4,97.82,2.79
263,Entry Long,My Long Entry Id,2023-07-11 05:00,30768.00,0.113874,-59.21,-1.69,13303.06,-0.25,119.23,3.4,97.82,2.79
262,Exit Short,My Long Entry Id,2023-07-11 05:00,30768.00,0.117033,-84.03,-2.39,13362.27,-0.36,14.40,0.41,117.50,3.34
262,Entry Short,My Short Entry Id,2023-07-07 09:00,30050.00,0.117033,-84.03,-2.39,13362.27,-0.36,14.40,0.41,117.50,3.34
261,Exit Long,My Short Entry Id,2023-07-07 09:00,30050.00,0.132452,545.17,15.87,13446.30,2.38,737.36,21.47,0.93,0.03
261,Entry Long,My Long Entry Id,2023-06-17 01:00,25934.00,0.132452,545.17,15.87,13446.30,2.38,737.36,21.47,0.93,0.03
260,Exit Short,My Long Entry Id,2023-06-17 01:00,25934.00,0.134903,-55.45,-1.61,12901.13,-0.24,105.76,3.07,119.79,3.48
260,Entry Short,My Short Entry Id,2023-06-10 14:00,25523.00,0.134903,-55.45,-1.61,12901.13,-0.24,105.76,3.07,119.79,3.48
259,Exit Long,My Short Entry Id,2023-06-10 14:00,25523.00,0.128831,-186.48,-5.37,12956.57,-0.81,52.56,1.51,192.67,5.54
259,Entry Long,My Long Entry Id,2023-06-07 05:00,26970.50,0.128831,-186.48,-5.37,12956.57,-0.81,52.56,1.51,192.67,5.54
258,Exit Short,My Long Entry Id,2023-06-07 05:00,26970.50,0.128194,12.63,0.36,13143.06,0.05,222.67,6.42,49.23,1.42
258,Entry Short,My Short Entry Id,2023-05-31 21:00,27069.00,0.128194,12.63,0.36,13143.06,0.05,222.67,6.42,49.23,1.42
257,Exit Long,My Short Entry Id,2023-05-31 21:00,27069.00,0.128165,-0.13,0,13130.43,0,176.16,5.08,12.11,0.35
257,Entry Long,My Long Entry Id,2023-05-28 09:00,27070.00,0.128165,-0.13,0,13130.43,0,176.16,5.08,12.11,0.35
256,Exit Short,My Long Entry Id,2023-05-28 09:00,27070.00,0.132976,-113.03,-3.24,13130.56,-0.49,48.74,1.4,119.55,3.43
256,Entry Short,My Short Entry Id,2023-05-25 01:00,26220.00,0.132976,-113.03,-3.24,13130.56,-0.49,48.74,1.4,119.55,3.43
255,Exit Long,My Short Entry Id,2023-05-25 01:00,26220.00,0.127741,-161.53,-4.6,13243.59,-0.69,22.99,0.65,183.18,5.22
255,Entry Long,My Long Entry Id,2023-05-16 01:00,27484.50,0.127741,-161.53,-4.6,13243.59,-0.69,22.99,0.65,183.18,5.22
254,Exit Short,My Long Entry Id,2023-05-16 01:00,27484.50,0.124302,82.10,2.35,13405.12,0.35,291.67,8.34,21.69,0.62
254,Entry Short,My Short Entry Id,2023-05-08 13:00,28145.00,0.124302,82.10,2.35,13405.12,0.35,291.67,8.34,21.69,0.62
253,Exit Long,My Short Entry Id,2023-05-08 13:00,28145.00,0.119082,-172.97,-4.91,13323.01,-0.74,28.94,0.82,184.93,5.25
253,Entry Long,My Long Entry Id,2023-05-06 01:00,29597.50,0.119082,-172.97,-4.91,13323.01,-0.74,28.94,0.82,184.93,5.25
252,Exit Short,My Long Entry Id,2023-05-06 01:00,29597.50,0.125318,-148.13,-4.16,13495.98,-0.63,95.68,2.69,192.86,5.42
252,Entry Short,My Short Entry Id,2023-04-27 05:00,28415.50,0.125318,-148.13,-4.16,13495.98,-0.63,95.68,2.69,192.86,5.42
251,Exit Long,My Short Entry Id,2023-04-27 05:00,28415.50,0.123648,-38.08,-1.07,13644.11,-0.16,159.57,4.49,185.22,5.22
251,Entry Long,My Long Entry Id,2023-04-26 17:00,28723.50,0.123648,-38.08,-1.07,13644.11,-0.16,159.57,4.49,185.22,5.22
250,Exit Short,My Long Entry Id,2023-04-26 17:00,28723.50,0.121524,53.41,1.51,13682.19,0.23,270.33,7.63,41.32,1.17
250,Entry Short,My Short Entry Id,2023-04-19 17:00,29163.00,0.121524,53.41,1.51,13682.19,0.23,270.33,7.63,41.32,1.17
249,Exit Long,My Short Entry Id,2023-04-19 17:00,29163.00,0.117632,-133.81,-3.75,13628.78,-0.56,17.29,0.49,151.69,4.26
249,Entry Long,My Long Entry Id,2023-04-18 21:00,30300.50,0.117632,-133.81,-3.75,13628.78,-0.56,17.29,0.49,151.69,4.26
248,Exit Short,My Long Entry Id,2023-04-18 21:00,30300.50,0.121169,-93.06,-2.6,13762.59,-0.39,52.41,1.46,115.17,3.22
248,Entry Short,My Short Entry Id,2023-04-17 21:00,29532.50,0.121169,-93.06,-2.6,13762.59,-0.39,52.41,1.46,115.17,3.22
247,Exit Long,My Short Entry Id,2023-04-17 21:00,29532.50,0.124854,128.04,3.6,13855.64,0.54,312.63,8.78,161.12,4.53
247,Entry Long,My Long Entry Id,2023-03-29 17:00,28507.00,0.124854,128.04,3.6,13855.64,0.54,312.63,8.78,161.12,4.53
246,Exit Short,My Long Entry Id,2023-03-29 17:00,28507.00,0.133186,-206.57,-5.75,13727.61,-0.86,44.22,1.23,224.49,6.25
246,Entry Short,My Short Entry Id,2023-03-28 09:00,26956.00,0.133186,-206.57,-5.75,13727.61,-0.86,44.22,1.23,224.49,6.25
245,Exit Long,My Short Entry Id,2023-03-28 09:00,26956.00,0.16107,884.44,25.58,13934.18,3.84,1204.64,34.84,26.98,0.78
245,Entry Long,My Long Entry Id,2023-03-13 05:00,21465.00,0.16107,884.44,25.58,13934.18,3.84,1204.64,34.84,26.98,0.78
244,Exit Short,My Long Entry Id,2023-03-13 05:00,21465.00,0.144393,311.24,9.13,13049.74,1.37,587.46,17.22,139.63,4.09
244,Entry Short,My Short Entry Id,2023-02-23 01:00,23620.50,0.144393,311.24,9.13,13049.74,1.37,587.46,17.22,139.63,4.09
243,Exit Long,My Short Entry Id,2023-02-23 01:00,23620.50,0.152007,207.64,6.14,12738.50,0.92,454.12,13.42,32.91,0.97
243,Entry Long,My Long Entry Id,2023-02-15 05:00,22254.50,0.152007,207.64,6.14,12738.50,0.92,454.12,13.42,32.91,0.97
242,Exit Short,My Long Entry Id,2023-02-15 05:00,22254.50,0.147173,91.39,2.71,12530.86,0.41,223.41,6.64,82.56,2.45
242,Entry Short,My Short Entry Id,2023-02-06 05:00,22875.50,0.147173,91.39,2.71,12530.86,0.41,223.41,6.64,82.56,2.45
241,Exit Long,My Short Entry Id,2023-02-06 05:00,22875.50,0.140329,-183.13,-5.4,12439.47,-0.81,2.60,0.08,200.53,5.91
241,Entry Long,My Long Entry Id,2023-02-02 09:00,24180.50,0.140329,-183.13,-5.4,12439.47,-0.81,2.60,0.08,200.53,5.91
240,Exit Short,My Long Entry Id,2023-02-02 09:00,24180.50,0.15113,-226.39,-6.6,12622.60,-0.99,27.96,0.82,236.22,6.89
240,Entry Short,My Short Entry Id,2023-01-31 05:00,22682.50,0.15113,-226.39,-6.6,12622.60,-0.99,27.96,0.82,236.22,6.89
239,Exit Long,My Short Entry Id,2023-01-31 05:00,22682.50,0.193439,1129.68,34.67,12848.99,5.2,1374.09,42.18,34.82,1.07
239,Entry Long,My Long Entry Id,2023-01-04 13:00,16842.50,0.193439,1129.68,34.67,12848.99,5.2,1374.09,42.18,34.82,1.07
238,Exit Short,My Long Entry Id,2023-01-04 13:00,16842.50,0.186574,100.38,3.1,11719.31,0.46,208.50,6.43,23.88,0.74
238,Entry Short,My Short Entry Id,2022-12-16 01:00,17380.50,0.186574,100.38,3.1,11719.31,0.46,208.50,6.43,23.88,0.74
237,Exit Long,My Short Entry Id,2022-12-16 01:00,17380.50,0.188302,35.49,1.1,11618.93,0.16,219.18,6.77,61.95,1.91
237,Entry Long,My Long Entry Id,2022-12-09 09:00,17192.00,0.188302,35.49,1.1,11618.93,0.16,219.18,6.77,61.95,1.91
236,Exit Short,My Long Entry Id,2022-12-09 09:00,17192.00,0.191972,-55.10,-1.7,11583.43,-0.25,43.10,1.33,72.76,2.24
236,Entry Short,My Short Entry Id,2022-12-06 05:00,16905.00,0.191972,-55.10,-1.7,11583.43,-0.25,43.10,1.33,72.76,2.24
235,Exit Long,My Short Entry Id,2022-12-06 05:00,16905.00,0.192779,16.00,0.49,11638.53,0.07,111.81,3.45,24.68,0.76
235,Entry Long,My Long Entry Id,2022-11-30 09:00,16822.00,0.192779,16.00,0.49,11638.53,0.07,111.81,3.45,24.68,0.76
234,Exit Short,My Long Entry Id,2022-11-30 09:00,16822.00,0.202064,-135.28,-4.14,11622.53,-0.62,35.26,1.08,142.56,4.37
234,Entry Short,My Short Entry Id,2022-11-28 21:00,16152.50,0.202064,-135.28,-4.14,11622.53,-0.62,35.26,1.08,142.56,4.37
233,Exit Long,My Short Entry Id,2022-11-28 21:00,16152.50,0.198385,-69.83,-2.13,11757.81,-0.32,53.37,1.63,93.64,2.86
233,Entry Long,My Long Entry Id,2022-11-23 17:00,16504.50,0.198385,-69.83,-2.13,11757.81,-0.32,53.37,1.63,93.64,2.86
232,Exit Short,My Long Entry Id,2022-11-23 17:00,16504.50,0.153926,638.02,20.07,11827.64,3.01,800.03,25.17,35.10,1.1
232,Entry Short,My Short Entry Id,2022-11-08 01:00,20649.50,0.153926,638.02,20.07,11827.64,3.01,800.03,25.17,35.10,1.1
231,Exit Long,My Short Entry Id,2022-11-08 01:00,20649.50,0.151193,-77.03,-2.41,11189.62,-0.36,45.51,1.42,86.78,2.71
231,Entry Long,My Long Entry Id,2022-11-05 06:00,21159.00,0.151193,-77.03,-2.41,11189.62,-0.36,45.51,1.42,86.78,2.71
230,Exit Short,My Long Entry Id,2022-11-05 06:00,21159.00,0.160031,-170.11,-5.29,11266.65,-0.79,3.52,0.11,189.80,5.9
230,Entry Short,My Short Entry Id,2022-11-03 21:00,20096.00,0.160031,-170.11,-5.29,11266.65,-0.79,3.52,0.11,189.80,5.9
229,Exit Long,My Short Entry Id,2022-11-03 21:00,20096.00,0.164295,99.81,3.12,11436.77,0.47,256.63,8.01,56.19,1.75
229,Entry Long,My Long Entry Id,2022-10-24 05:00,19488.50,0.164295,99.81,3.12,11436.77,0.47,256.63,8.01,56.19,1.75
228,Exit Short,My Long Entry Id,2022-10-24 05:00,19488.50,0.169576,-91.40,-2.84,11336.96,-0.43,45.11,1.4,94.96,2.96
228,Entry Short,My Short Entry Id,2022-10-20 09:00,18949.50,0.169576,-91.40,-2.84,11336.96,-0.43,45.11,1.4,94.96,2.96
227,Exit Long,My Short Entry Id,2022-10-20 09:00,18949.50,0.166458,-70.41,-2.18,11428.36,-0.33,93.88,2.91,76.24,2.36
227,Entry Long,My Long Entry Id,2022-10-14 05:00,19372.50,0.166458,-70.41,-2.18,11428.36,-0.33,93.88,2.91,76.24,2.36
226,Exit Short,My Long Entry Id,2022-10-14 05:00,19372.50,0.166262,3.33,0.1,11498.77,0.02,199.93,6.2,36.91,1.14
226,Entry Short,My Short Entry Id,2022-10-08 01:00,19392.50,0.166262,3.33,0.1,11498.77,0.02,199.93,6.2,36.91,1.14
225,Exit Long,My Short Entry Id,2022-10-08 01:00,19392.50,0.162835,-78.16,-2.42,11495.44,-0.36,92.82,2.87,91.43,2.83
225,Entry Long,My Long Entry Id,2022-10-04 17:00,19872.50,0.162835,-78.16,-2.42,11495.44,-0.36,92.82,2.87,91.43,2.83
224,Exit Short,My Long Entry Id,2022-10-04 17:00,19872.50,0.171027,-139.39,-4.28,11573.61,-0.64,102.02,3.13,189.50,5.81
224,Entry Short,My Short Entry Id,2022-09-28 05:00,19057.50,0.171027,-139.39,-4.28,11573.61,-0.64,102.02,3.13,189.50,5.81
223,Exit Long,My Short Entry Id,2022-09-28 05:00,19057.50,0.163773,-159.92,-4.87,11712.99,-0.73,54.70,1.67,201.52,6.14
223,Entry Long,My Long Entry Id,2022-09-27 13:00,20034.00,0.163773,-159.92,-4.87,11712.99,-0.73,54.70,1.67,201.52,6.14
222,Exit Short,My Long Entry Id,2022-09-27 13:00,20034.00,0.157274,113.08,3.46,11872.92,0.52,410.33,12.57,25.24,0.77
222,Entry Short,My Short Entry Id,2022-09-14 01:00,20753.00,0.157274,113.08,3.46,11872.92,0.52,410.33,12.57,25.24,0.77
221,Exit Long,My Short Entry Id,2022-09-14 01:00,20753.00,0.159894,64.12,1.97,11759.84,0.3,385.66,11.85,2.72,0.08
221,Entry Long,My Long Entry Id,2022-09-09 13:00,20352.00,0.159894,64.12,1.97,11759.84,0.3,385.66,11.85,2.72,0.08
220,Exit Short,My Long Entry Id,2022-09-09 13:00,20352.00,0.13477,444.54,13.95,11695.72,2.09,691.64,21.7,1.82,0.06
220,Entry Short,My Short Entry Id,2022-08-17 21:00,23650.50,0.13477,444.54,13.95,11695.72,2.09,691.64,21.7,1.82,0.06
219,Exit Long,My Short Entry Id,2022-08-17 21:00,23650.50,0.133126,-45.80,-1.43,11251.18,-0.22,160.22,5.02,68.96,2.16
219,Entry Long,My Long Entry Id,2022-08-10 21:00,23994.50,0.133126,-45.80,-1.43,11251.18,-0.22,160.22,5.02,68.96,2.16
218,Exit Short,My Long Entry Id,2022-08-10 21:00,23994.50,0.139345,-129.45,-4.03,11296.98,-0.6,56.92,1.77,138.93,4.32
218,Entry Short,My Short Entry Id,2022-08-10 01:00,23065.50,0.139345,-129.45,-4.03,11296.98,-0.6,56.92,1.77,138.93,4.32
217,Exit Long,My Short Entry Id,2022-08-10 01:00,23065.50,0.134107,-142.56,-4.41,11426.43,-0.66,14.08,0.44,169.38,5.23
217,Entry Long,My Long Entry Id,2022-08-08 17:00,24128.50,0.134107,-142.56,-4.41,11426.43,-0.66,14.08,0.44,169.38,5.23
216,Exit Short,My Long Entry Id,2022-08-08 17:00,24128.50,0.142768,-182.17,-5.58,11568.98,-0.84,66.03,2.02,187.03,5.73
216,Entry Short,My Short Entry Id,2022-08-02 13:00,22852.50,0.142768,-182.17,-5.58,11568.98,-0.84,66.03,2.02,187.03,5.73
215,Exit Long,My Short Entry Id,2022-08-02 13:00,22852.50,0.14326,11.39,0.35,11751.15,0.05,268.76,8.24,28.58,0.88
215,Entry Long,My Long Entry Id,2022-07-28 05:00,22773.00,0.14326,11.39,0.35,11751.15,0.05,268.76,8.24,28.58,0.88
214,Exit Short,My Long Entry Id,2022-07-28 05:00,22773.00,0.157418,-282.25,-8.55,11739.77,-1.28,42.82,1.3,333.10,10.09
214,Entry Short,My Short Entry Id,2022-07-26 09:00,20980.00,0.157418,-282.25,-8.55,11739.77,-1.28,42.82,1.3,333.10,10.09
213,Exit Long,My Short Entry Id,2022-07-26 09:00,20980.00,0.159533,52.41,1.59,12022.02,0.24,576.39,17.5,47.78,1.45
213,Entry Long,My Long Entry Id,2022-07-15 05:00,20651.50,0.159533,52.41,1.59,12022.02,0.24,576.39,17.5,47.78,1.45
212,Exit Short,My Long Entry Id,2022-07-15 05:00,20651.50,0.160956,-24.71,-0.75,11969.61,-0.11,266.38,8.07,59.96,1.82
212,Entry Short,My Short Entry Id,2022-07-11 13:00,20498.00,0.160956,-24.71,-0.75,11969.61,-0.11,266.38,8.07,59.96,1.82
211,Exit Long,My Short Entry Id,2022-07-11 13:00,20498.00,0.162638,39.85,1.21,11994.32,0.18,360.24,10.94,244.61,7.43
211,Entry Long,My Long Entry Id,2022-07-01 09:00,20253.00,0.162638,39.85,1.21,11994.32,0.18,360.24,10.94,244.61,7.43
210,Exit Short,My Long Entry Id,2022-07-01 09:00,20253.00,0.162802,-3.66,-0.11,11954.47,-0.02,266.67,8.1,102.89,3.12
210,Entry Short,My Short Entry Id,2022-06-29 05:00,20230.50,0.162802,-3.66,-0.11,11954.47,-0.02,266.67,8.1,102.89,3.12
209,Exit Long,My Short Entry Id,2022-06-29 05:00,20230.50,0.155756,-168.06,-5.06,11958.13,-0.76,86.37,2.6,244.77,7.37
209,Entry Long,My Long Entry Id,2022-06-21 17:00,21309.50,0.155756,-168.06,-5.06,11958.13,-0.76,86.37,2.6,244.77,7.37
208,Exit Short,My Long Entry Id,2022-06-21 17:00,21309.50,0.112389,803.58,25.12,12126.19,3.77,1206.55,37.72,32.59,1.02
208,Entry Short,My Short Entry Id,2022-06-12 02:00,28459.50,0.112389,803.58,25.12,12126.19,3.77,1206.55,37.72,32.59,1.02
207,Exit Long,My Short Entry Id,2022-06-12 02:00,28459.50,0.103581,-294.58,-9.09,11322.61,-1.36,19.06,0.59,335.76,10.36
207,Entry Long,My Long Entry Id,2022-06-08 05:00,31303.50,0.103581,-294.58,-9.09,11322.61,-1.36,19.06,0.59,335.76,10.36
206,Exit Short,My Long Entry Id,2022-06-08 05:00,31303.50,0.110927,-199.56,-6.1,11617.20,-0.91,21.24,0.65,225.24,6.88
206,Entry Short,My Short Entry Id,2022-06-07 13:00,29504.50,0.110927,-199.56,-6.1,11617.20,-0.91,21.24,0.65,225.24,6.88
205,Exit Long,My Short Entry Id,2022-06-07 13:00,29504.50,0.105831,-176.63,-5.35,11816.75,-0.8,58.42,1.77,209.86,6.36
205,Entry Long,My Long Entry Id,2022-06-06 13:00,31173.50,0.105831,-176.63,-5.35,11816.75,-0.8,58.42,1.77,209.86,6.36
204,Exit Short,My Long Entry Id,2022-06-06 13:00,31173.50,0.112152,-175.74,-5.29,11993.39,-0.79,44.80,1.35,191.33,5.76
204,Entry Short,My Short Entry Id,2022-06-02 05:00,29606.50,0.112152,-175.74,-5.29,11993.39,-0.79,44.80,1.35,191.33,5.76
203,Exit Long,My Short Entry Id,2022-06-02 05:00,29606.50,0.110167,-74.86,-2.24,12169.13,-0.34,229.37,6.87,112.70,3.38
203,Entry Long,My Long Entry Id,2022-05-30 13:00,30286.00,0.110167,-74.86,-2.24,12169.13,-0.34,229.37,6.87,112.70,3.38
202,Exit Short,My Long Entry Id,2022-05-30 13:00,30286.00,0.087742,590.77,18.19,12243.99,2.73,1047.29,32.24,10.70,0.33
202,Entry Short,My Short Entry Id,2022-05-06 01:00,37019.00,0.087742,590.77,18.19,12243.99,2.73,1047.29,32.24,10.70,0.33
201,Exit Long,My Short Entry Id,2022-05-06 01:00,37019.00,0.082504,-227.67,-6.94,11653.22,-1.04,6.72,0.2,270.53,8.24
201,Entry Long,My Long Entry Id,2022-05-05 05:00,39778.50,0.082504,-227.67,-6.94,11653.22,-1.04,6.72,0.2,270.53,8.24
200,Exit Short,My Long Entry Id,2022-05-05 05:00,39778.50,0.086743,-144.69,-4.38,11880.89,-0.66,62.63,1.89,195.48,5.91
200,Entry Short,My Short Entry Id,2022-04-27 05:00,38110.50,0.086743,-144.69,-4.38,11880.89,-0.66,62.63,1.89,195.48,5.91
199,Exit Long,My Short Entry Id,2022-04-27 05:00,38110.50,0.082215,-200.56,-6.02,12025.58,-0.9,19.16,0.57,244.51,7.33
199,Entry Long,My Long Entry Id,2022-04-26 09:00,40550.00,0.082215,-200.56,-6.02,12025.58,-0.9,19.16,0.57,244.51,7.33
198,Exit Short,My Long Entry Id,2022-04-26 09:00,40550.00,0.082524,-10.44,-0.31,12226.14,-0.05,184.40,5.53,29.75,0.89
198,Entry Short,My Short Entry Id,2022-04-22 09:00,40423.50,0.082524,-10.44,-0.31,12226.14,-0.05,184.40,5.53,29.75,0.89
197,Exit Long,My Short Entry Id,2022-04-22 09:00,40423.50,0.082142,-18.85,-0.56,12236.58,-0.08,189.95,5.69,72.61,2.17
197,Entry Long,My Long Entry Id,2022-04-19 05:00,40653.00,0.082142,-18.85,-0.56,12236.58,-0.08,189.95,5.69,72.61,2.17
196,Exit Short,My Long Entry Id,2022-04-19 05:00,40653.00,0.071967,359.12,10.93,12255.43,1.64,511.22,15.56,128.68,3.92
196,Entry Short,My Short Entry Id,2022-04-01 01:00,45643.00,0.071967,359.12,10.93,12255.43,1.64,511.22,15.56,128.68,3.92
195,Exit Long,My Short Entry Id,2022-04-01 01:00,45643.00,0.079804,421.68,13.09,11896.32,1.96,627.82,19.49,82.84,2.57
195,Entry Long,My Long Entry Id,2022-03-16 21:00,40359.00,0.079804,421.68,13.09,11896.32,1.96,627.82,19.49,82.84,2.57
194,Exit Short,My Long Entry Id,2022-03-16 21:00,40359.00,0.084302,-157.77,-4.86,11474.63,-0.73,78.95,2.43,271.16,8.36
194,Entry Short,My Short Entry Id,2022-03-11 13:00,38487.50,0.084302,-157.77,-4.86,11474.63,-0.73,78.95,2.43,271.16,8.36
193,Exit Long,My Short Entry Id,2022-03-11 13:00,38487.50,0.078843,-247.69,-7.55,11632.40,-1.13,74.82,2.28,268.46,8.18
193,Entry Long,My Long Entry Id,2022-03-09 13:00,41629.00,0.078843,-247.69,-7.55,11632.40,-1.13,74.82,2.28,268.46,8.18
192,Exit Short,My Long Entry Id,2022-03-09 13:00,41629.00,0.083939,-218.03,-6.65,11880.09,-0.99,157.93,4.82,239.02,7.3
192,Entry Short,My Short Entry Id,2022-03-05 06:00,39031.50,0.083939,-218.03,-6.65,11880.09,-0.99,157.93,4.82,239.02,7.3
191,Exit Long,My Short Entry Id,2022-03-05 06:00,39031.50,0.085504,26.46,0.8,12098.12,0.12,563.56,17.02,150.23,4.54
191,Entry Long,My Long Entry Id,2022-02-25 13:00,38722.00,0.085504,26.46,0.8,12098.12,0.12,563.56,17.02,150.23,4.54
190,Exit Short,My Long Entry Id,2022-02-25 13:00,38722.00,0.077909,255.46,7.81,12071.66,1.17,602.78,18.42,1.25,0.04
190,Entry Short,My Short Entry Id,2022-02-18 01:00,42001.00,0.077909,255.46,7.81,12071.66,1.17,602.78,18.42,1.25,0.04
189,Exit Long,My Short Entry Id,2022-02-18 01:00,42001.00,0.074888,-149.03,-4.52,11816.19,-0.68,58.34,1.77,174.49,5.3
189,Entry Long,My Long Entry Id,2022-02-15 17:00,43991.00,0.074888,-149.03,-4.52,11816.19,-0.68,58.34,1.77,174.49,5.3
188,Exit Short,My Long Entry Id,2022-02-15 17:00,43991.00,0.079114,-161.71,-4.87,11965.22,-0.73,16.93,0.51,177.22,5.34
188,Entry Short,My Short Entry Id,2022-02-14 13:00,41947.00,0.079114,-161.71,-4.87,11965.22,-0.73,16.93,0.51,177.22,5.34
187,Exit Long,My Short Entry Id,2022-02-14 13:00,41947.00,0.081912,136.55,4.14,12126.93,0.62,455.59,13.81,6.59,0.2
187,Entry Long,My Long Entry Id,2022-02-05 01:00,40280.00,0.081912,136.55,4.14,12126.93,0.62,455.59,13.81,6.59,0.2
186,Exit Short,My Long Entry Id,2022-02-05 01:00,40280.00,0.091235,-327.12,-9.77,11990.38,-1.47,39.92,1.19,355.63,10.62
186,Entry Short,My Short Entry Id,2022-02-03 21:00,36694.50,0.091235,-327.12,-9.77,11990.38,-1.47,39.92,1.19,355.63,10.62
185,Exit Long,My Short Entry Id,2022-02-03 21:00,36694.50,0.08979,-48.71,-1.46,12317.50,-0.22,183.49,5.49,167.86,5.02
185,Entry Long,My Long Entry Id,2022-01-25 05:00,37237.00,0.08979,-48.71,-1.46,12317.50,-0.22,183.49,5.49,167.86,5.02
184,Exit Short,My Long Entry Id,2022-01-25 05:00,37237.00,0.079147,354.62,10.74,12366.22,1.61,694.32,21.03,142.35,4.31
184,Entry Short,My Short Entry Id,2022-01-18 17:00,41717.50,0.079147,354.62,10.74,12366.22,1.61,694.32,21.03,142.35,4.31
183,Exit Long,My Short Entry Id,2022-01-18 17:00,41717.50,0.075798,-160.24,-4.82,12011.60,-0.72,46.77,1.41,173.39,5.22
183,Entry Long,My Long Entry Id,2022-01-13 05:00,43831.50,0.075798,-160.24,-4.82,12011.60,-0.72,46.77,1.41,173.39,5.22
182,Exit Short,My Long Entry Id,2022-01-13 05:00,43831.50,0.066723,348.96,10.66,12171.83,1.6,628.90,19.21,26.06,0.8
182,Entry Short,My Short Entry Id,2021-12-28 13:00,49061.50,0.066723,348.96,10.66,12171.83,1.6,628.90,19.21,26.06,0.8
181,Exit Long,My Short Entry Id,2021-12-28 13:00,49061.50,0.066419,-17.50,-0.53,11822.87,-0.08,184.38,5.63,86.61,2.64
181,Entry Long,My Long Entry Id,2021-12-22 13:00,49325.00,0.066419,-17.50,-0.53,11822.87,-0.08,184.38,5.63,86.61,2.64
180,Exit Short,My Long Entry Id,2021-12-22 13:00,49325.00,0.060626,256.21,7.89,11840.37,1.19,705.87,21.74,19.70,0.61
180,Entry Short,My Short Entry Id,2021-12-04 06:00,53551.00,0.060626,256.21,7.89,11840.37,1.19,705.87,21.74,19.70,0.61
179,Exit Long,My Short Entry Id,2021-12-04 06:00,53551.00,0.056641,-241.06,-7.36,11584.17,-1.1,79.92,2.44,346.84,10.59
179,Entry Long,My Long Entry Id,2021-11-29 09:00,57807.00,0.056641,-241.06,-7.36,11584.17,-1.1,79.92,2.44,346.84,10.59
178,Exit Short,My Long Entry Id,2021-11-29 09:00,57807.00,0.049892,338.92,10.52,11825.23,1.58,563.83,17.49,86.46,2.68
178,Entry Short,My Short Entry Id,2021-11-11 13:00,64600.00,0.049892,338.92,10.52,11825.23,1.58,563.83,17.49,86.46,2.68
177,Exit Long,My Short Entry Id,2021-11-11 13:00,64600.00,0.05124,102.74,3.2,11486.32,0.48,327.47,10.21,159.97,4.99
177,Entry Long,My Long Entry Id,2021-10-30 01:00,62595.00,0.05124,102.74,3.2,11486.32,0.48,327.47,10.21,159.97,4.99
176,Exit Short,My Long Entry Id,2021-10-30 01:00,62595.00,0.052664,-77.52,-2.41,11383.58,-0.36,177.00,5.5,136.08,4.23
176,Entry Short,My Short Entry Id,2021-10-23 01:00,61123.00,0.052664,-77.52,-2.41,11383.58,-0.36,177.00,5.5,136.08,4.23
175,Exit Long,My Short Entry Id,2021-10-23 01:00,61123.00,0.067959,1099.78,36.01,11461.10,5.4,1497.95,49.05,10.98,0.36
175,Entry Long,My Long Entry Id,2021-10-01 17:00,44940.00,0.067959,1099.78,36.01,11461.10,5.4,1497.95,49.05,10.98,0.36
174,Exit Short,My Long Entry Id,2021-10-01 17:00,44940.00,0.066761,46.93,1.54,10361.32,0.23,406.14,13.33,12.35,0.41
174,Entry Short,My Short Entry Id,2021-09-20 13:00,45643.00,0.066761,46.93,1.54,10361.32,0.23,406.14,13.33,12.35,0.41
173,Exit Long,My Short Entry Id,2021-09-20 13:00,45643.00,0.063883,-154.76,-5.04,10314.39,-0.76,44.81,1.46,187.66,6.11
173,Entry Long,My Long Entry Id,2021-09-16 01:00,48065.50,0.063883,-154.76,-5.04,10314.39,-0.76,44.81,1.46,187.66,6.11
172,Exit Short,My Long Entry Id,2021-09-16 01:00,48065.50,0.064761,-36.82,-1.2,10469.15,-0.18,267.01,8.68,61.36,1.99
172,Entry Short,My Short Entry Id,2021-09-08 01:00,47496.95,0.064761,-36.82,-1.2,10469.15,-0.18,267.01,8.68,61.36,1.99
171,Exit Long,My Short Entry Id,2021-09-08 01:00,47496.95,0.061863,-161.94,-5.22,10505.97,-0.78,173.67,5.6,435.80,14.06
171,Entry Long,My Long Entry Id,2021-09-02 17:00,50114.60,0.061863,-161.94,-5.22,10505.97,-0.78,173.67,5.6,435.80,14.06
170,Exit Short,My Long Entry Id,2021-09-02 17:00,50114.60,0.065115,-142.19,-4.56,10667.90,-0.68,102.55,3.29,157.88,5.06
170,Entry Short,My Short Entry Id,2021-08-25 01:00,47930.91,0.065115,-142.19,-4.56,10667.90,-0.68,102.55,3.29,157.88,5.06
169,Exit Long,My Short Entry Id,2021-08-25 01:00,47930.91,0.064165,-53.69,-1.72,10810.09,-0.26,112.05,3.58,62.57,2
169,Entry Long,My Long Entry Id,2021-08-21 01:00,48767.69,0.064165,-53.69,-1.72,10810.09,-0.26,112.05,3.58,62.57,2
168,Exit Short,My Long Entry Id,2021-08-21 01:00,48767.69,0.07046,-268.22,-8.47,10863.78,-1.27,71.96,2.27,291.04,9.19
168,Entry Short,My Short Entry Id,2021-08-18 05:00,44961.00,0.07046,-268.22,-8.47,10863.78,-1.27,71.96,2.27,291.04,9.19
167,Exit Long,My Short Entry Id,2021-08-18 05:00,44961.00,0.076389,307.01,9.82,11132.00,1.47,548.21,17.53,81.42,2.6
167,Entry Long,My Long Entry Id,2021-08-06 05:00,40941.99,0.076389,307.01,9.82,11132.00,1.47,548.21,17.53,81.42,2.6
166,Exit Short,My Long Entry Id,2021-08-06 05:00,40941.99,0.081013,-161.14,-5.11,10825.00,-0.77,129.67,4.11,197.15,6.25
166,Entry Short,My Short Entry Id,2021-08-03 05:00,38952.90,0.081013,-161.14,-5.11,10825.00,-0.77,129.67,4.11,197.15,6.25
165,Exit Long,My Short Entry Id,2021-08-03 05:00,38952.90,0.096661,726.28,23.9,10986.14,3.58,1078.47,35.49,0.14,0
165,Entry Long,My Long Entry Id,2021-07-21 21:00,31439.26,0.096661,726.28,23.9,10986.14,3.58,1078.47,35.49,0.14,0
164,Exit Short,My Long Entry Id,2021-07-21 21:00,31439.26,0.090984,154.97,5.14,10259.86,0.77,353.12,11.71,254.74,8.45
164,Entry Short,My Short Entry Id,2021-07-02 01:00,33142.51,0.090984,154.97,5.14,10259.86,0.77,353.12,11.71,254.74,8.45
163,Exit Long,My Short Entry Id,2021-07-02 01:00,33142.51,0.085149,-226.05,-7.42,10104.89,-1.11,70.43,2.31,240.19,7.88
163,Entry Long,My Long Entry Id,2021-06-29 21:00,35797.26,0.085149,-226.05,-7.42,10104.89,-1.11,70.43,2.31,240.19,7.88
162,Exit Short,My Long Entry Id,2021-06-29 21:00,35797.26,0.083046,67.24,2.21,10330.94,0.33,650.04,21.38,0.21,0.01
162,Entry Short,My Short Entry Id,2021-06-19 01:00,36606.96,0.083046,67.24,2.21,10330.94,0.33,650.04,21.38,0.21,0.01
161,Exit Long,My Short Entry Id,2021-06-19 01:00,36606.96,0.083244,8.55,0.28,10263.70,0.04,400.44,13.18,159.74,5.26
161,Entry Long,My Long Entry Id,2021-06-10 01:00,36504.25,0.083244,8.55,0.28,10263.70,0.04,400.44,13.18,159.74,5.26
160,Exit Short,My Long Entry Id,2021-06-10 01:00,36504.25,0.085377,-74.65,-2.45,10255.15,-0.37,398.24,13.09,99.81,3.28
160,Entry Short,My Short Entry Id,2021-06-06 05:00,35629.93,0.085377,-74.65,-2.45,10255.15,-0.37,398.24,13.09,99.81,3.28
159,Exit Long,My Short Entry Id,2021-06-06 05:00,35629.93,0.079179,-268.70,-8.7,10329.80,-1.3,19.87,0.64,301.87,9.77
159,Entry Long,My Long Entry Id,2021-06-03 21:00,39023.47,0.079179,-268.70,-8.7,10329.80,-1.3,19.87,0.64,301.87,9.77
158,Exit Short,My Long Entry Id,2021-06-03 21:00,39023.47,0.053809,860.91,29.08,10598.49,4.36,1417.84,47.89,16.82,0.57
158,Entry Short,My Short Entry Id,2021-05-13 01:00,55022.76,0.053809,860.91,29.08,10598.49,4.36,1417.84,47.89,16.82,0.57
157,Exit Long,My Short Entry Id,2021-05-13 01:00,55022.76,0.051162,-171.29,-5.74,9737.59,-0.86,63.68,2.13,251.49,8.42
157,Entry Long,My Long Entry Id,2021-05-08 01:00,58370.76,0.051162,-171.29,-5.74,9737.59,-0.86,63.68,2.13,251.49,8.42
156,Exit Short,My Long Entry Id,2021-05-08 01:00,58370.76,0.054443,-166.29,-5.52,9908.88,-0.83,132.20,4.39,166.79,5.54
156,Entry Short,My Short Entry Id,2021-05-04 09:00,55316.44,0.054443,-166.29,-5.52,9908.88,-0.83,132.20,4.39,166.79,5.54
155,Exit Long,My Short Entry Id,2021-05-04 09:00,55316.44,0.05516,46.85,1.56,10075.16,0.23,248.98,8.29,117.01,3.89
155,Entry Long,My Long Entry Id,2021-04-27 17:00,54467.01,0.05516,46.85,1.56,10075.16,0.23,248.98,8.29,117.01,3.89
154,Exit Short,My Long Entry Id,2021-04-27 17:00,54467.01,0.049913,248.30,8.37,10028.31,1.26,621.55,20.95,15.93,0.54
154,Entry Short,My Short Entry Id,2021-04-18 09:00,59441.76,0.049913,248.30,8.37,10028.31,1.26,621.55,20.95,15.93,0.54
153,Exit Long,My Short Entry Id,2021-04-18 09:00,59441.76,0.049063,-59.52,-2,9780.01,-0.3,208.37,7,99.23,3.33
153,Entry Long,My Long Entry Id,2021-04-10 14:00,60654.97,0.049063,-59.52,-2,9780.01,-0.3,208.37,7,99.23,3.33
152,Exit Short,My Long Entry Id,2021-04-10 14:00,60654.97,0.053085,-211.84,-7.04,9839.53,-1.06,65.79,2.19,240.80,8.01
152,Entry Short,My Short Entry Id,2021-04-04 09:00,56664.33,0.053085,-211.84,-7.04,9839.53,-1.06,65.79,2.19,240.80,8.01
151,Exit Long,My Short Entry Id,2021-04-04 09:00,56664.33,0.052744,-22.62,-0.75,10051.37,-0.11,155.95,5.18,32.07,1.06
151,Entry Long,My Long Entry Id,2021-03-29 17:00,57093.16,0.052744,-22.62,-0.75,10051.37,-0.11,155.95,5.18,32.07,1.06
150,Exit Short,My Long Entry Id,2021-03-29 17:00,57093.16,0.053471,-36.29,-1.2,10073.99,-0.18,323.15,10.71,195.63,6.49
150,Entry Short,My Short Entry Id,2021-03-15 21:00,56414.40,0.053471,-36.29,-1.2,10073.99,-0.18,323.15,10.71,195.63,6.49
149,Exit Long,My Short Entry Id,2021-03-15 21:00,56414.40,0.057491,267.09,8.97,10110.28,1.35,569.42,19.13,24.30,0.82
149,Entry Long,My Long Entry Id,2021-03-09 05:00,51768.70,0.057491,267.09,8.97,10110.28,1.35,569.42,19.13,24.30,0.82
148,Exit Short,My Long Entry Id,2021-03-09 05:00,51768.70,0.064661,-322.54,-10.66,9843.20,-1.6,38.28,1.27,336.95,11.14
148,Entry Short,My Short Entry Id,2021-03-05 09:00,46780.50,0.064661,-322.54,-10.66,9843.20,-1.6,38.28,1.27,336.95,11.14
147,Exit Long,My Short Entry Id,2021-03-05 09:00,46780.50,0.06015,-248.03,-8.1,10165.74,-1.22,102.90,3.36,266.34,8.7
147,Entry Long,My Long Entry Id,2021-03-03 17:00,50904.08,0.06015,-248.03,-8.1,10165.74,-1.22,102.90,3.36,266.34,8.7
146,Exit Short,My Long Entry Id,2021-03-03 17:00,50904.08,0.056612,156.76,5.16,10413.77,0.77,606.02,19.94,76.59,2.52
146,Entry Short,My Short Entry Id,2021-02-22 21:00,53673.03,0.056612,156.76,5.16,10413.77,0.77,606.02,19.94,76.59,2.52
145,Exit Long,My Short Entry Id,2021-02-22 21:00,53673.03,0.081784,1587.96,56.68,10257.02,8.51,1967.64,70.23,186.50,6.66
145,Entry Long,My Long Entry Id,2021-01-29 09:00,34256.52,0.081784,1587.96,56.68,10257.02,8.51,1967.64,70.23,186.50,6.66
144,Exit Short,My Long Entry Id,2021-01-29 09:00,34256.52,0.078601,93.87,3.37,8669.06,0.51,523.49,18.79,364.52,13.08
144,Entry Short,My Short Entry Id,2021-01-11 13:00,35450.77,0.078601,93.87,3.37,8669.06,0.51,523.49,18.79,364.52,13.08
143,Exit Long,My Short Entry Id,2021-01-11 13:00,35450.77,0.078587,-0.33,-0.01,8575.19,0,515.97,18.52,167.19,6
143,Entry Long,My Long Entry Id,2021-01-06 13:00,35454.92,0.078587,-0.33,-0.01,8575.19,0,515.97,18.52,167.19,6
142,Exit Short,My Long Entry Id,2021-01-06 13:00,35454.92,0.092323,-423.58,-14.86,8575.52,-2.23,89.73,3.15,461.08,16.18
142,Entry Short,My Short Entry Id,2021-01-05 13:00,30866.88,0.092323,-423.58,-14.86,8575.52,-2.23,89.73,3.15,461.08,16.18
141,Exit Long,My Short Entry Id,2021-01-05 13:00,30866.88,0.110543,661.67,24.06,8999.10,3.61,1100.41,40.01,37.56,1.37
141,Entry Long,My Long Entry Id,2020-12-26 10:00,24881.26,0.110543,661.67,24.06,8999.10,3.61,1100.41,40.01,37.56,1.37
140,Exit Short,My Long Entry Id,2020-12-26 10:00,24881.26,0.125491,-323.08,-11.54,8337.43,-1.73,8.03,0.29,325.56,11.63
140,Entry Short,My Short Entry Id,2020-12-21 21:00,22306.76,0.125491,-323.08,-11.54,8337.43,-1.73,8.03,0.29,325.56,11.63
139,Exit Long,My Short Entry Id,2020-12-21 21:00,22306.76,0.143324,468.46,17.17,8660.51,2.58,754.33,27.64,5.30,0.19
139,Entry Long,My Long Entry Id,2020-12-14 09:00,19038.25,0.143324,468.46,17.17,8660.51,2.58,754.33,27.64,5.30,0.19
138,Exit Short,My Long Entry Id,2020-12-14 09:00,19038.25,0.151389,-133.03,-4.84,8192.05,-0.73,93.47,3.4,159.98,5.82
138,Entry Short,My Short Entry Id,2020-12-09 09:00,18159.50,0.151389,-133.03,-4.84,8192.05,-0.73,93.47,3.4,159.98,5.82
137,Exit Long,My Short Entry Id,2020-12-09 09:00,18159.50,0.146608,-101.67,-3.68,8325.08,-0.55,154.60,5.59,112.87,4.08
137,Entry Long,My Long Entry Id,2020-11-30 21:00,18853.01,0.146608,-101.67,-3.68,8325.08,-0.55,154.60,5.59,112.87,4.08
136,Exit Short,My Long Entry Id,2020-11-30 21:00,18853.01,0.156889,-168.49,-6.04,8426.76,-0.91,255.74,9.17,169.04,6.06
136,Entry Short,My Short Entry Id,2020-11-26 13:00,17779.05,0.156889,-168.49,-6.04,8426.76,-0.91,255.74,9.17,169.04,6.06
135,Exit Long,My Short Entry Id,2020-11-26 13:00,17779.05,0.23335,1599.01,62.71,8595.25,9.41,2001.63,78.5,31.58,1.24
135,Entry Long,My Long Entry Id,2020-10-09 01:00,10926.63,0.23335,1599.01,62.71,8595.25,9.41,2001.63,78.5,31.58,1.24
134,Exit Short,My Long Entry Id,2020-10-09 01:00,10926.63,0.2441,-101.97,-3.98,6996.24,-0.6,33.98,1.32,103.89,4.05
134,Entry Short,My Short Entry Id,2020-10-02 01:00,10508.88,0.2441,-101.97,-3.98,6996.24,-0.6,33.98,1.32,103.89,4.05
133,Exit Long,My Short Entry Id,2020-10-02 01:00,10508.88,0.240928,-38.63,-1.5,7098.21,-0.23,66.93,2.6,57.23,2.23
133,Entry Long,My Long Entry Id,2020-09-25 01:00,10669.23,0.240928,-38.63,-1.5,7098.21,-0.23,66.93,2.6,57.23,2.23
132,Exit Short,My Long Entry Id,2020-09-25 01:00,10669.23,0.243751,-26.50,-1.03,7136.84,-0.15,105.57,4.1,33.31,1.29
132,Entry Short,My Short Entry Id,2020-09-21 21:00,10560.51,0.243751,-26.50,-1.03,7136.84,-0.15,105.57,4.1,33.31,1.29
131,Exit Long,My Short Entry Id,2020-09-21 21:00,10560.51,0.240465,-41.19,-1.6,7163.34,-0.24,87.62,3.4,57.31,2.22
131,Entry Long,My Long Entry Id,2020-09-15 01:00,10731.82,0.240465,-41.19,-1.6,7163.34,-0.24,87.62,3.4,57.31,2.22
130,Exit Short,My Long Entry Id,2020-09-15 01:00,10731.82,0.223758,156.11,6.1,7204.54,0.92,358.91,14.03,10.80,0.42
130,Entry Short,My Short Entry Id,2020-09-02 21:00,11429.51,0.223758,156.11,6.1,7204.54,0.92,358.91,14.03,10.80,0.42
129,Exit Long,My Short Entry Id,2020-09-02 21:00,11429.51,0.219383,-58.47,-2.28,7048.42,-0.34,79.31,3.09,124.10,4.84
129,Entry Long,My Long Entry Id,2020-08-31 09:00,11696.01,0.219383,-58.47,-2.28,7048.42,-0.34,79.31,3.09,124.10,4.84
128,Exit Short,My Long Entry Id,2020-08-31 09:00,11696.01,0.219137,2.87,0.11,7106.89,0.02,132.11,5.15,41.17,1.6
128,Entry Short,My Short Entry Id,2020-08-20 05:00,11709.12,0.219137,2.87,0.11,7106.89,0.02,132.11,5.15,41.17,1.6
127,Exit Long,My Short Entry Id,2020-08-20 05:00,11709.12,0.208678,-143.46,-5.55,7104.02,-0.83,6.29,0.24,176.82,6.84
127,Entry Long,My Long Entry Id,2020-08-18 01:00,12396.60,0.208678,-143.46,-5.55,7104.02,-0.83,6.29,0.24,176.82,6.84
126,Exit Short,My Long Entry Id,2020-08-18 01:00,12396.60,0.234537,-285.84,-10.9,7247.48,-1.63,16.35,0.62,304.53,11.62
126,Entry Short,My Short Entry Id,2020-08-12 05:00,11177.84,0.234537,-285.84,-10.9,7247.48,-1.63,16.35,0.62,304.53,11.62
125,Exit Long,My Short Entry Id,2020-08-12 05:00,11177.84,0.274228,512.01,20.05,7533.32,3.01,758.72,29.72,11.81,0.46
125,Entry Long,My Long Entry Id,2020-07-21 17:00,9310.76,0.274228,512.01,20.05,7533.32,3.01,758.72,29.72,11.81,0.46
124,Exit Short,My Long Entry Id,2020-07-21 17:00,9310.76,0.280335,-50.02,-1.95,7021.32,-0.29,30.62,1.2,61.92,2.42
124,Entry Short,My Short Entry Id,2020-07-10 13:00,9132.32,0.280335,-50.02,-1.95,7021.32,-0.29,30.62,1.2,61.92,2.42
123,Exit Long,My Short Entry Id,2020-07-10 13:00,9132.32,0.275783,-49.69,-1.93,7071.34,-0.29,44.07,1.72,56.23,2.19
123,Entry Long,My Long Entry Id,2020-07-07 01:00,9312.51,0.275783,-49.69,-1.93,7071.34,-0.29,44.07,1.72,56.23,2.19
122,Exit Short,My Long Entry Id,2020-07-07 01:00,9312.51,0.276635,-6.92,-0.27,7121.03,-0.04,109.92,4.28,17.91,0.7
122,Entry Short,My Short Entry Id,2020-06-25 01:00,9287.51,0.276635,-6.92,-0.27,7121.03,-0.04,109.92,4.28,17.91,0.7
121,Exit Long,My Short Entry Id,2020-06-25 01:00,9287.51,0.268578,-104.55,-4.02,7127.95,-0.61,25.70,0.99,133.32,5.13
121,Entry Long,My Long Entry Id,2020-06-23 05:00,9676.80,0.268578,-104.55,-4.02,7127.95,-0.61,25.70,0.99,133.32,5.13
120,Exit Short,My Long Entry Id,2020-06-23 05:00,9676.80,0.273819,-56.42,-2.18,7232.50,-0.33,159.82,6.16,143.43,5.53
120,Entry Short,My Short Entry Id,2020-06-03 01:00,9470.76,0.273819,-56.42,-2.18,7232.50,-0.33,159.82,6.16,143.43,5.53
119,Exit Long,My Short Entry Id,2020-06-03 01:00,9470.76,0.274963,12.49,0.48,7288.92,0.07,264.58,10.21,56.38,2.18
119,Entry Long,My Long Entry Id,2020-05-28 21:00,9425.35,0.274963,12.49,0.48,7288.92,0.07,264.58,10.21,56.38,2.18
118,Exit Short,My Long Entry Id,2020-05-28 21:00,9425.35,0.287668,-104.16,-4,7276.43,-0.6,127.17,4.88,107.02,4.1
118,Entry Short,My Short Entry Id,2020-05-22 01:00,9063.26,0.287668,-104.16,-4,7276.43,-0.6,127.17,4.88,107.02,4.1
117,Exit Long,My Short Entry Id,2020-05-22 01:00,9063.26,0.273505,-151.25,-5.75,7380.60,-0.86,93.07,3.54,193.29,7.35
117,Entry Long,My Long Entry Id,2020-05-14 17:00,9616.26,0.273505,-151.25,-5.75,7380.60,-0.86,93.07,3.54,193.29,7.35
116,Exit Short,My Long Entry Id,2020-05-14 17:00,9616.26,0.304048,-255.63,-9.58,7531.84,-1.44,193.23,7.24,266.71,10
116,Entry Short,My Short Entry Id,2020-05-11 09:00,8775.51,0.304048,-255.63,-9.58,7531.84,-1.44,193.23,7.24,266.71,10
115,Exit Long,My Short Entry Id,2020-05-11 09:00,8775.51,0.364356,622.78,24.19,7787.47,3.63,1094.58,42.51,116.85,4.54
115,Entry Long,My Long Entry Id,2020-04-16 21:00,7066.26,0.364356,622.78,24.19,7787.47,3.63,1094.58,42.51,116.85,4.54
114,Exit Short,My Long Entry Id,2020-04-16 21:00,7066.26,0.386119,-133.50,-5.14,7164.70,-0.77,99.20,3.82,164.85,6.35
114,Entry Short,My Short Entry Id,2020-04-13 09:00,6720.51,0.386119,-133.50,-5.14,7164.70,-0.77,99.20,3.82,164.85,6.35
113,Exit Long,My Short Entry Id,2020-04-13 09:00,6720.51,0.390183,31.82,1.23,7298.20,0.18,322.21,12.44,31.70,1.22
113,Entry Long,My Long Entry Id,2020-04-02 09:00,6638.96,0.390183,31.82,1.23,7298.20,0.18,322.21,12.44,31.70,1.22
112,Exit Short,My Long Entry Id,2020-04-02 09:00,6638.96,0.447785,-333.02,-12.62,7266.38,-1.89,3.81,0.14,387.20,14.67
112,Entry Short,My Short Entry Id,2020-03-30 09:00,5895.26,0.447785,-333.02,-12.62,7266.38,-1.89,3.81,0.14,387.20,14.67
111,Exit Long,My Short Entry Id,2020-03-30 09:00,5895.26,0.405971,-289.32,-10.78,7599.40,-1.62,149.71,5.58,411.42,15.34
111,Entry Long,My Long Entry Id,2020-03-20 17:00,6607.91,0.405971,-289.32,-10.78,7599.40,-1.62,149.71,5.58,411.42,15.34
110,Exit Short,My Long Entry Id,2020-03-20 17:00,6607.91,0.323241,475.84,18.22,7888.71,2.73,1393.33,53.35,22.88,0.88
110,Entry Short,My Short Entry Id,2020-03-09 09:00,8080.01,0.323241,475.84,18.22,7888.71,2.73,1393.33,53.35,22.88,0.88
109,Exit Long,My Short Entry Id,2020-03-09 09:00,8080.01,0.292048,-295.70,-11.14,7412.87,-1.67,25.17,0.95,325.05,12.24
109,Entry Long,My Long Entry Id,2020-03-06 01:00,9092.50,0.292048,-295.70,-11.14,7412.87,-1.67,25.17,0.95,325.05,12.24
108,Exit Short,My Long Entry Id,2020-03-06 01:00,9092.50,0.266183,205.23,7.82,7708.56,1.17,384.10,14.63,117.52,4.48
108,Entry Short,My Short Entry Id,2020-02-17 09:00,9863.50,0.266183,205.23,7.82,7708.56,1.17,384.10,14.63,117.52,4.48
107,Exit Long,My Short Entry Id,2020-02-17 09:00,9863.50,0.295345,338.09,13.13,7503.34,1.97,529.33,20.56,8.94,0.35
107,Entry Long,My Long Entry Id,2020-01-27 21:00,8718.76,0.295345,338.09,13.13,7503.34,1.97,529.33,20.56,8.94,0.35
106,Exit Short,My Long Entry Id,2020-01-27 21:00,8718.76,0.309066,-104.31,-4.03,7165.24,-0.6,53.86,2.08,108.71,4.2
106,Entry Short,My Short Entry Id,2020-01-23 21:00,8381.26,0.309066,-104.31,-4.03,7165.24,-0.6,53.86,2.08,108.71,4.2
105,Exit Long,My Short Entry Id,2020-01-23 21:00,8381.26,0.312759,35.27,1.36,7269.55,0.2,230.66,8.92,0,0
105,Entry Long,My Long Entry Id,2020-01-14 09:00,8268.50,0.312759,35.27,1.36,7269.55,0.2,230.66,8.92,0,0
104,Exit Short,My Long Entry Id,2020-01-14 09:00,8268.50,0.33563,-165.30,-6.33,7234.29,-0.95,38.43,1.47,175.37,6.72
104,Entry Short,My Short Entry Id,2020-01-10 13:00,7776.00,0.33563,-165.30,-6.33,7234.29,-0.95,38.43,1.47,175.37,6.72
103,Exit Long,My Short Entry Id,2020-01-10 13:00,7776.00,0.356143,187.33,7.26,7399.59,1.09,427.41,16.55,9.97,0.39
103,Entry Long,My Long Entry Id,2020-01-03 17:00,7250.01,0.356143,187.33,7.26,7399.59,1.09,427.41,16.55,9.97,0.39
102,Exit Short,My Long Entry Id,2020-01-03 17:00,7250.01,0.364639,-53.61,-2.07,7212.26,-0.31,93.16,3.6,64.54,2.49
102,Entry Short,My Short Entry Id,2020-01-02 13:00,7103.00,0.364639,-53.61,-2.07,7212.26,-0.31,93.16,3.6,64.54,2.49
101,Exit Long,My Short Entry Id,2020-01-02 13:00,7103.00,0.363175,-5.54,-0.21,7265.86,-0.03,205.65,7.95,35.45,1.37
101,Entry Long,My Long Entry Id,2019-12-19 05:00,7118.25,0.363175,-5.54,-0.21,7265.86,-0.03,205.65,7.95,35.45,1.37
100,Exit Short,My Long Entry Id,2019-12-19 05:00,7118.25,0.362849,7.17,0.28,7271.40,0.04,271.87,10.5,214.24,8.27
100,Entry Short,My Short Entry Id,2019-12-04 09:00,7138.01,0.362849,7.17,0.28,7271.40,0.04,271.87,10.5,214.24,8.27
99,Exit Long,My Short Entry Id,2019-12-04 09:00,7138.01,0.348824,-117.55,-4.51,7264.23,-0.68,137.44,5.27,134.25,5.15
99,Entry Long,My Long Entry Id,2019-11-28 01:00,7475.00,0.348824,-117.55,-4.51,7264.23,-0.68,137.44,5.27,134.25,5.15
98,Exit Short,My Long Entry Id,2019-11-28 01:00,7475.00,0.291991,369.30,14.47,7381.78,2.17,649.46,25.45,103.58,4.06
98,Entry Short,My Short Entry Id,2019-11-09 01:00,8739.76,0.291991,369.30,14.47,7381.78,2.17,649.46,25.45,103.58,4.06
97,Exit Long,My Short Entry Id,2019-11-09 01:00,8739.76,0.301962,102.29,4.03,7012.48,0.6,462.00,18.21,0.75,0.03
97,Entry Long,My Long Entry Id,2019-10-26 01:00,8401.01,0.301962,102.29,4.03,7012.48,0.6,462.00,18.21,0.75,0.03
96,Exit Short,My Long Entry Id,2019-10-26 01:00,8401.01,0.321112,-140.01,-5.47,6910.19,-0.82,229.58,8.98,186.89,7.31
96,Entry Short,My Short Entry Id,2019-10-23 13:00,7965.00,0.321112,-140.01,-5.47,6910.19,-0.82,229.58,8.98,186.89,7.31
95,Exit Long,My Short Entry Id,2019-10-23 13:00,7965.00,0.311278,-91.65,-3.56,7050.20,-0.53,16.20,0.63,112.35,4.37
95,Entry Long,My Long Entry Id,2019-10-22 17:00,8259.44,0.311278,-91.65,-3.56,7050.20,-0.53,16.20,0.63,112.35,4.37
94,Exit Short,My Long Entry Id,2019-10-22 17:00,8259.44,0.314882,-25.80,-1,7141.85,-0.15,124.06,4.82,53.22,2.07
94,Entry Short,My Short Entry Id,2019-10-16 01:00,8177.49,0.314882,-25.80,-1,7141.85,-0.15,124.06,4.82,53.22,2.07
93,Exit Long,My Short Entry Id,2019-10-16 01:00,8177.49,0.302455,-120.56,-4.65,7167.66,-0.7,68.99,2.66,158.71,6.12
93,Entry Long,My Long Entry Id,2019-10-10 01:00,8576.08,0.302455,-120.56,-4.65,7167.66,-0.7,68.99,2.66,158.71,6.12
92,Exit Short,My Long Entry Id,2019-10-10 01:00,8576.08,0.24482,435.27,17.17,7288.21,2.58,651.75,25.71,41.50,1.64
92,Entry Short,My Short Entry Id,2019-09-09 05:00,10353.99,0.24482,435.27,17.17,7288.21,2.58,651.75,25.71,41.50,1.64
91,Exit Long,My Short Entry Id,2019-09-09 05:00,10353.99,0.243693,-8.42,-0.33,6852.95,-0.05,135.36,5.35,52.95,2.09
91,Entry Long,My Long Entry Id,2019-09-03 05:00,10388.54,0.243693,-8.42,-0.33,6852.95,-0.05,135.36,5.35,52.95,2.09
90,Exit Short,My Long Entry Id,2019-09-03 05:00,10388.54,0.256188,-114.79,-4.51,6861.37,-0.68,173.25,6.8,176.90,6.95
90,Entry Short,My Short Entry Id,2019-08-21 21:00,9940.49,0.256188,-114.79,-4.51,6861.37,-0.68,173.25,6.8,176.90,6.95
89,Exit Long,My Short Entry Id,2019-08-21 21:00,9940.49,0.240816,-180.25,-7,6976.15,-1.05,62.91,2.44,200.30,7.78
89,Entry Long,My Long Entry Id,2019-08-19 17:00,10688.99,0.240816,-180.25,-7,6976.15,-1.05,62.91,2.44,200.30,7.78
88,Exit Short,My Long Entry Id,2019-08-19 17:00,10688.99,0.238104,24.70,0.96,7156.40,0.14,318.35,12.39,33.09,1.29
88,Entry Short,My Short Entry Id,2019-08-14 01:00,10792.74,0.238104,24.70,0.96,7156.40,0.14,318.35,12.39,33.09,1.29
87,Exit Long,My Short Entry Id,2019-08-14 01:00,10792.74,0.245889,88.77,3.46,7131.70,0.52,464.42,18.11,28.52,1.11
87,Entry Long,My Long Entry Id,2019-08-02 05:00,10431.74,0.245889,88.77,3.46,7131.70,0.52,464.42,18.11,28.52,1.11
86,Exit Short,My Long Entry Id,2019-08-02 05:00,10431.74,0.276119,-281.81,-10.84,7042.93,-1.63,5.56,0.21,295.06,11.35
86,Entry Short,My Short Entry Id,2019-07-30 13:00,9411.14,0.276119,-281.81,-10.84,7042.93,-1.63,5.56,0.21,295.06,11.35
85,Exit Long,My Short Entry Id,2019-07-30 13:00,9411.14,0.247842,-313.54,-11.85,7324.74,-1.78,22.62,0.85,391.90,14.81
85,Entry Long,My Long Entry Id,2019-07-19 09:00,10676.24,0.247842,-313.54,-11.85,7324.74,-1.78,22.62,0.85,391.90,14.81
84,Exit Short,My Long Entry Id,2019-07-19 09:00,10676.24,0.222093,211.45,8.19,7638.28,1.21,578.11,22.39,124.96,4.84
84,Entry Short,My Short Entry Id,2019-07-11 05:00,11628.32,0.222093,211.45,8.19,7638.28,1.21,578.11,22.39,124.96,4.84
83,Exit Long,My Short Entry Id,2019-07-11 05:00,11628.32,0.215781,-125.58,-4.77,7426.83,-0.72,208.97,7.93,134.39,5.1
83,Entry Long,My Long Entry Id,2019-07-09 05:00,12210.30,0.215781,-125.58,-4.77,7426.83,-0.72,208.97,7.93,134.39,5.1
82,Exit Short,My Long Entry Id,2019-07-09 05:00,12210.30,0.247921,-342.98,-12.78,7552.41,-1.92,299.95,11.17,388.33,14.47
82,Entry Short,My Short Entry Id,2019-06-28 01:00,10826.86,0.247921,-342.98,-12.78,7552.41,-1.92,299.95,11.17,388.33,14.47
81,Exit Long,My Short Entry Id,2019-06-28 01:00,10826.86,0.310683,793.21,30.86,7895.40,4.64,1733.83,67.45,31.46,1.22
81,Entry Long,My Long Entry Id,2019-06-14 05:00,8273.75,0.310683,793.21,30.86,7895.40,4.64,1733.83,67.45,31.46,1.22
80,Exit Short,My Long Entry Id,2019-06-14 05:00,8273.75,0.315438,-38.96,-1.52,7102.19,-0.23,231.06,8.99,191.16,7.44
80,Entry Short,My Short Entry Id,2019-05-31 13:00,8150.24,0.315438,-38.96,-1.52,7102.19,-0.23,231.06,8.99,191.16,7.44
79,Exit Long,My Short Entry Id,2019-05-31 13:00,8150.24,0.293,-215.57,-8.28,7141.15,-1.24,54.79,2.1,272.05,10.45
79,Entry Long,My Long Entry Id,2019-05-27 09:00,8885.99,0.293,-215.57,-8.28,7141.15,-1.24,54.79,2.1,272.05,10.45
78,Exit Short,My Long Entry Id,2019-05-27 09:00,8885.99,0.374813,-632.25,-23.43,7356.73,-3.51,121.55,4.5,651.09,24.13
78,Entry Short,My Short Entry Id,2019-05-17 13:00,7199.14,0.374813,-632.25,-23.43,7356.73,-3.51,121.55,4.5,651.09,24.13
77,Exit Long,My Short Entry Id,2019-05-17 13:00,7199.14,0.475326,860.96,33.62,7988.98,5.03,1424.75,55.63,15.96,0.62
77,Entry Long,My Long Entry Id,2019-05-03 05:00,5387.83,0.475326,860.96,33.62,7988.98,5.03,1424.75,55.63,15.96,0.62
76,Exit Short,My Long Entry Id,2019-05-03 05:00,5387.83,0.506367,-138.27,-5.34,7128.02,-0.8,40.01,1.54,154.06,5.95
76,Entry Short,My Short Entry Id,2019-04-26 09:00,5114.76,0.506367,-138.27,-5.34,7128.02,-0.8,40.01,1.54,154.06,5.95
75,Exit Long,My Short Entry Id,2019-04-26 09:00,5114.76,0.491043,-89.86,-3.45,7266.29,-0.52,164.74,6.33,174.20,6.7
75,Entry Long,My Long Entry Id,2019-04-19 05:00,5297.76,0.491043,-89.86,-3.45,7266.29,-0.52,164.74,6.33,174.20,6.7
74,Exit Short,My Long Entry Id,2019-04-19 05:00,5297.76,0.523506,-147.96,-5.64,7356.15,-0.85,40.38,1.54,156.07,5.94
74,Entry Short,My Short Entry Id,2019-04-12 17:00,5015.13,0.523506,-147.96,-5.64,7356.15,-0.85,40.38,1.54,156.07,5.94
73,Exit Long,My Short Entry Id,2019-04-12 17:00,5015.13,0.631583,637.59,25.2,7504.11,3.78,917.13,36.25,11.77,0.47
73,Entry Long,My Long Entry Id,2019-03-27 21:00,4005.62,0.631583,637.59,25.2,7504.11,3.78,917.13,36.25,11.77,0.47
72,Exit Short,My Long Entry Id,2019-03-27 21:00,4005.62,0.65541,-84.63,-3.33,6866.52,-0.5,1.60,0.06,100.31,3.95
72,Entry Short,My Short Entry Id,2019-03-26 05:00,3876.49,0.65541,-84.63,-3.33,6866.52,-0.5,1.60,0.06,100.31,3.95
71,Exit Long,My Short Entry Id,2019-03-26 05:00,3876.49,0.662957,31.98,1.26,6951.15,0.19,149.42,5.89,35.84,1.41
71,Entry Long,My Long Entry Id,2019-03-06 01:00,3828.25,0.662957,31.98,1.26,6951.15,0.19,149.42,5.89,35.84,1.41
70,Exit Short,My Long Entry Id,2019-03-06 01:00,3828.25,0.677211,-47.40,-1.86,6919.17,-0.28,76.97,3.02,86.17,3.39
70,Entry Short,My Short Entry Id,2019-02-25 09:00,3758.25,0.677211,-47.40,-1.86,6919.17,-0.28,76.97,3.02,86.17,3.39
69,Exit Long,My Short Entry Id,2019-02-25 09:00,3758.25,0.693065,69.22,2.73,6966.58,0.41,224.35,8.85,89.05,3.51
69,Entry Long,My Long Entry Id,2019-02-09 01:00,3658.37,0.693065,69.22,2.73,6966.58,0.41,224.35,8.85,89.05,3.51
68,Exit Short,My Long Entry Id,2019-02-09 01:00,3658.37,0.666219,84.44,3.35,6897.35,0.5,309.01,12.25,6.08,0.24
68,Entry Short,My Short Entry Id,2019-01-10 17:00,3785.12,0.666219,84.44,3.35,6897.35,0.5,309.01,12.25,6.08,0.24
67,Exit Long,My Short Entry Id,2019-01-10 17:00,3785.12,0.645399,-9.44,-0.38,6812.91,-0.06,200.65,8.18,114.39,4.66
67,Entry Long,My Long Entry Id,2018-12-31 05:00,3799.74,0.645399,-9.44,-0.38,6812.91,-0.06,200.65,8.18,114.39,4.66
66,Exit Short,My Long Entry Id,2018-12-31 05:00,3799.74,0.712139,-158.71,-6.23,6822.35,-0.93,11.58,0.45,277.38,10.89
66,Entry Short,My Short Entry Id,2018-12-28 05:00,3576.88,0.712139,-158.71,-6.23,6822.35,-0.93,11.58,0.45,277.38,10.89
65,Exit Long,My Short Entry Id,2018-12-28 05:00,3576.88,0.740895,120.85,4.78,6981.05,0.72,606.79,23.99,7.96,0.31
65,Entry Long,My Long Entry Id,2018-12-18 01:00,3413.76,0.740895,120.85,4.78,6981.05,0.72,606.79,23.99,7.96,0.31
64,Exit Short,My Long Entry Id,2018-12-18 01:00,3413.76,0.678401,185.20,7.4,6860.20,1.11,365.50,14.61,103.11,4.12
64,Entry Short,My Short Entry Id,2018-12-06 01:00,3686.76,0.678401,185.20,7.4,6860.20,1.11,365.50,14.61,103.11,4.12
63,Exit Long,My Short Entry Id,2018-12-06 01:00,3686.76,0.593565,-362.96,-14.23,6674.99,-2.13,64.69,2.54,382.59,15
63,Entry Long,My Long Entry Id,2018-11-29 05:00,4298.26,0.593565,-362.96,-14.23,6674.99,-2.13,64.69,2.54,382.59,15
62,Exit Short,My Long Entry Id,2018-11-29 05:00,4298.26,0.383521,788.92,32.37,7037.96,4.86,1090.56,44.74,13.75,0.56
62,Entry Short,My Short Entry Id,2018-11-09 21:00,6355.31,0.383521,788.92,32.37,7037.96,4.86,1090.56,44.74,13.75,0.56
61,Exit Long,My Short Entry Id,2018-11-09 21:00,6355.31,0.382768,-5.51,-0.23,6249.04,-0.03,65.57,2.69,17.68,0.73
61,Entry Long,My Long Entry Id,2018-11-02 09:00,6369.71,0.382768,-5.51,-0.23,6249.04,-0.03,65.57,2.69,17.68,0.73
60,Exit Short,My Long Entry Id,2018-11-02 09:00,6369.71,0.391277,-47.37,-1.94,6254.55,-0.29,21.63,0.88,48.54,1.99
60,Entry Short,My Short Entry Id,2018-10-29 21:00,6248.65,0.391277,-47.37,-1.94,6254.55,-0.29,21.63,0.88,48.54,1.99
59,Exit Long,My Short Entry Id,2018-10-29 21:00,6248.65,0.382299,-66.52,-2.71,6301.92,-0.41,29.82,1.21,86.28,3.51
59,Entry Long,My Long Entry Id,2018-10-15 17:00,6422.64,0.382299,-66.52,-2.71,6301.92,-0.41,29.82,1.21,86.28,3.51
58,Exit Short,My Long Entry Id,2018-10-15 17:00,6422.64,0.382464,-0.87,-0.04,6368.43,-0.01,139.19,5.67,138.57,5.64
58,Entry Short,My Short Entry Id,2018-10-03 13:00,6420.36,0.382464,-0.87,-0.04,6368.43,-0.01,139.19,5.67,138.57,5.64
57,Exit Long,My Short Entry Id,2018-10-03 13:00,6420.36,0.376541,-43.26,-1.76,6369.31,-0.26,92.43,3.76,81.47,3.31
57,Entry Long,My Long Entry Id,2018-09-21 13:00,6535.26,0.376541,-43.26,-1.76,6369.31,-0.26,92.43,3.76,81.47,3.31
56,Exit Short,My Long Entry Id,2018-09-21 13:00,6535.26,0.399026,-118.51,-4.76,6412.57,-0.72,55.66,2.24,288.10,11.57
56,Entry Short,My Short Entry Id,2018-09-18 05:00,6238.26,0.399026,-118.51,-4.76,6412.57,-0.72,55.66,2.24,288.10,11.57
55,Exit Long,My Short Entry Id,2018-09-18 05:00,6238.26,0.382149,-112.73,-4.52,6531.08,-0.68,15.67,0.63,127.35,5.1
55,Entry Long,My Long Entry Id,2018-09-14 13:00,6533.26,0.382149,-112.73,-4.52,6531.08,-0.68,15.67,0.63,127.35,5.1
54,Exit Short,My Long Entry Id,2018-09-14 13:00,6533.26,0.354353,157.69,6.38,6643.81,0.96,288.09,11.65,20.55,0.83
54,Entry Short,My Short Entry Id,2018-09-05 21:00,6978.26,0.354353,157.69,6.38,6643.81,0.96,288.09,11.65,20.55,0.83
53,Exit Long,My Short Entry Id,2018-09-05 21:00,6978.26,0.372057,145.66,5.94,6486.13,0.89,302.11,12.33,142.68,5.82
53,Entry Long,My Long Entry Id,2018-08-16 01:00,6586.75,0.372057,145.66,5.94,6486.13,0.89,302.11,12.33,142.68,5.82
52,Exit Short,My Long Entry Id,2018-08-16 01:00,6586.75,0.307245,371.31,15.5,6340.46,2.33,591.22,24.68,9.14,0.38
52,Entry Short,My Short Entry Id,2018-07-31 21:00,7795.25,0.307245,371.31,15.5,6340.46,2.33,591.22,24.68,9.14,0.38
51,Exit Long,My Short Entry Id,2018-07-31 21:00,7795.25,0.353542,424.69,18.22,5969.16,2.73,665.01,28.53,8.31,0.36
51,Entry Long,My Long Entry Id,2018-07-16 21:00,6594.00,0.353542,424.69,18.22,5969.16,2.73,665.01,28.53,8.31,0.36
50,Exit Short,My Long Entry Id,2018-07-16 21:00,6594.00,0.368474,-85.67,-3.65,5544.47,-0.55,107.13,4.57,107.96,4.61
50,Entry Short,My Short Entry Id,2018-07-10 21:00,6361.50,0.368474,-85.67,-3.65,5544.47,-0.55,107.13,4.57,107.96,4.61
49,Exit Long,My Short Entry Id,2018-07-10 21:00,6361.50,0.369989,11.28,0.48,5630.14,0.07,175.19,7.48,24.60,1.05
49,Entry Long,My Long Entry Id,2018-07-02 09:00,6331.00,0.369989,11.28,0.48,5630.14,0.07,175.19,7.48,24.60,1.05
48,Exit Short,My Long Entry Id,2018-07-02 09:00,6331.00,0.367404,14.33,0.61,5618.85,0.09,218.05,9.32,3.86,0.16
48,Entry Short,My Short Entry Id,2018-06-22 17:00,6370.00,0.367404,14.33,0.61,5618.85,0.09,218.05,9.32,3.86,0.16
47,Exit Long,My Short Entry Id,2018-06-22 17:00,6370.00,0.350297,-127.86,-5.42,5604.52,-0.81,8.23,0.35,145.37,6.16
47,Entry Long,My Long Entry Id,2018-06-21 13:00,6735.00,0.350297,-127.86,-5.42,5604.52,-0.81,8.23,0.35,145.37,6.16
46,Exit Short,My Long Entry Id,2018-06-21 13:00,6735.00,0.35288,-12.35,-0.52,5732.38,-0.08,215.26,9.1,62.81,2.66
46,Entry Short,My Short Entry Id,2018-06-11 09:00,6700.00,0.35288,-12.35,-0.52,5732.38,-0.08,215.26,9.1,62.81,2.66
45,Exit Long,My Short Entry Id,2018-06-11 09:00,6700.00,0.320237,-253.63,-10.57,5744.73,-1.59,75.26,3.14,277.97,11.59
45,Entry Long,My Long Entry Id,2018-05-30 21:00,7492.00,0.320237,-253.63,-10.57,5744.73,-1.59,75.26,3.14,277.97,11.59
44,Exit Short,My Long Entry Id,2018-05-30 21:00,7492.00,0.257034,412.03,17.63,5998.36,2.64,532.06,22.76,67.47,2.89
44,Entry Short,My Short Entry Id,2018-05-08 21:00,9095.00,0.257034,412.03,17.63,5998.36,2.64,532.06,22.76,67.47,2.89
43,Exit Long,My Short Entry Id,2018-05-08 21:00,9095.00,0.246316,-115.28,-4.89,5586.33,-0.73,53.45,2.27,134.61,5.71
43,Entry Long,My Long Entry Id,2018-05-04 01:00,9563.00,0.246316,-115.28,-4.89,5586.33,-0.73,53.45,2.27,134.61,5.71
42,Exit Short,My Long Entry Id,2018-05-04 01:00,9563.00,0.267949,-180.33,-7.57,5701.61,-1.14,74.36,3.12,180.33,7.57
42,Entry Short,My Short Entry Id,2018-04-26 01:00,8890.00,0.267949,-180.33,-7.57,5701.61,-1.14,74.36,3.12,180.33,7.57
41,Exit Long,My Short Entry Id,2018-04-26 01:00,8890.00,0.32294,574.67,25.03,5881.94,3.75,845.30,36.81,171.16,7.45
41,Entry Long,My Long Entry Id,2018-04-09 13:00,7110.50,0.32294,574.67,25.03,5881.94,3.75,845.30,36.81,171.16,7.45
40,Exit Short,My Long Entry Id,2018-04-09 13:00,7110.50,0.206889,721.71,32.91,5307.27,4.95,856.95,39.08,53.10,2.42
40,Entry Short,My Short Entry Id,2018-03-07 05:00,10598.87,0.206889,721.71,32.91,5307.27,4.95,856.95,39.08,53.10,2.42
39,Exit Long,My Short Entry Id,2018-03-07 05:00,10598.87,0.205312,-11.32,-0.52,4585.56,-0.08,200.96,9.19,97.32,4.45
39,Entry Long,My Long Entry Id,2018-02-27 17:00,10654.00,0.205312,-11.32,-0.52,4585.56,-0.08,200.96,9.19,97.32,4.45
38,Exit Short,My Long Entry Id,2018-02-27 17:00,10654.00,0.210644,-47.39,-2.16,4596.88,-0.32,232.66,10.59,94.37,4.3
38,Entry Short,My Short Entry Id,2018-02-22 01:00,10429.00,0.210644,-47.39,-2.16,4596.88,-0.32,232.66,10.59,94.37,4.3
37,Exit Long,My Short Entry Id,2018-02-22 01:00,10429.00,0.255986,556.49,26.33,4644.28,3.95,893.11,42.26,195.85,9.27
37,Entry Long,My Long Entry Id,2018-02-07 21:00,8255.10,0.255986,556.49,26.33,4644.28,3.95,893.11,42.26,195.85,9.27
36,Exit Short,My Long Entry Id,2018-02-07 21:00,8255.10,0.141935,818.24,41.12,4087.79,6.17,1144.71,57.52,125.19,6.29
36,Entry Short,My Short Entry Id,2018-01-10 09:00,14020.00,0.141935,818.24,41.12,4087.79,6.17,1144.71,57.52,125.19,6.29
35,Exit Long,My Short Entry Id,2018-01-10 09:00,14020.00,0.129894,-198.48,-9.83,3269.55,-1.47,131.84,6.53,238.75,11.82
35,Entry Long,My Long Entry Id,2018-01-05 17:00,15548.00,0.129894,-198.48,-9.83,3269.55,-1.47,131.84,6.53,238.75,11.82
34,Exit Short,My Long Entry Id,2018-01-05 17:00,15548.00,0.152316,-302.50,-14.64,3468.03,-2.2,125.66,6.08,303.11,14.67
34,Entry Short,My Short Entry Id,2018-01-01 09:00,13562.00,0.152316,-302.50,-14.64,3468.03,-2.2,125.66,6.08,303.11,14.67
33,Exit Long,My Short Entry Id,2018-01-01 09:00,13562.00,0.130026,-353.02,-16.68,3770.52,-2.5,21.84,1.03,405.81,19.17
33,Entry Long,My Long Entry Id,2017-12-27 13:00,16277.00,0.130026,-353.02,-16.68,3770.52,-2.5,21.84,1.03,405.81,19.17
32,Exit Short,My Long Entry Id,2017-12-27 13:00,16277.00,0.126104,51.95,2.47,4123.55,0.37,760.91,36.16,124.09,5.9
32,Entry Short,My Short Entry Id,2017-12-20 09:00,16689.00,0.126104,51.95,2.47,4123.55,0.37,760.91,36.16,124.09,5.9
31,Exit Long,My Short Entry Id,2017-12-20 09:00,16689.00,0.175434,961.03,48.86,4071.59,7.33,1448.56,73.65,88.07,4.48
31,Entry Long,My Long Entry Id,2017-12-04 09:00,11211.00,0.175434,961.03,48.86,4071.59,7.33,1448.56,73.65,88.07,4.48
30,Exit Short,My Long Entry Id,2017-12-04 09:00,11211.00,0.213379,-359.97,-17.71,3110.56,-2.67,152.57,7.51,378.32,18.62
30,Entry Short,My Short Entry Id,2017-11-30 05:00,9524.00,0.213379,-359.97,-17.71,3110.56,-2.67,152.57,7.51,378.32,18.62
29,Exit Long,My Short Entry Id,2017-11-30 05:00,9524.00,0.279203,749.91,39.28,3470.53,5.9,1280.68,67.08,6.62,0.35
29,Entry Long,My Long Entry Id,2017-11-15 13:00,6838.10,0.279203,749.91,39.28,3470.53,5.9,1280.68,67.08,6.62,0.35
28,Exit Short,My Long Entry Id,2017-11-15 13:00,6838.10,0.282285,-18.12,-0.95,2720.62,-0.14,320.99,16.79,45.67,2.39
28,Entry Short,My Short Entry Id,2017-11-10 21:00,6773.90,0.282285,-18.12,-0.95,2720.62,-0.14,320.99,16.79,45.67,2.39
27,Exit Long,My Short Entry Id,2017-11-10 21:00,6773.90,0.312992,250.05,13.37,2738.74,2,595.62,31.85,94.37,5.05
27,Entry Long,My Long Entry Id,2017-10-27 09:00,5975.00,0.312992,250.05,13.37,2738.74,2,595.62,31.85,94.37,5.05
26,Exit Short,My Long Entry Id,2017-10-27 09:00,5975.00,0.345351,-164.80,-8.68,2488.70,-1.3,48.11,2.53,168.81,8.89
26,Entry Short,My Short Entry Id,2017-10-25 09:00,5497.80,0.345351,-164.80,-8.68,2488.70,-1.3,48.11,2.53,168.81,8.89
25,Exit Long,My Short Entry Id,2017-10-25 09:00,5497.80,0.416159,458.69,25.08,2653.50,3.76,694.90,37.99,43.32,2.37
25,Entry Long,My Long Entry Id,2017-10-06 17:00,4395.60,0.416159,458.69,25.08,2653.50,3.76,694.90,37.99,43.32,2.37
24,Exit Short,My Long Entry Id,2017-10-06 17:00,4395.60,0.44603,-114.18,-6.18,2194.81,-0.93,0.49,0.03,122.66,6.64
24,Entry Short,My Short Entry Id,2017-10-05 17:00,4139.60,0.44603,-114.18,-6.18,2194.81,-0.93,0.49,0.03,122.66,6.64
23,Exit Long,My Short Entry Id,2017-10-05 17:00,4139.60,0.453163,34.85,1.89,2308.99,0.28,173.47,9.42,21.57,1.17
23,Entry Long,My Long Entry Id,2017-09-27 21:00,4062.70,0.453163,34.85,1.89,2308.99,0.28,173.47,9.42,21.57,1.17
22,Exit Short,My Long Entry Id,2017-09-27 21:00,4062.70,0.529299,-269.04,-14.3,2274.14,-2.14,20.01,1.06,284.82,15.14
22,Entry Short,My Short Entry Id,2017-09-23 01:00,3554.40,0.529299,-269.04,-14.3,2274.14,-2.14,20.01,1.06,284.82,15.14
21,Exit Long,My Short Entry Id,2017-09-23 01:00,3554.40,0.484404,-192.11,-10.04,2543.18,-1.51,79.49,4.15,215.32,11.25
21,Entry Long,My Long Entry Id,2017-09-18 17:00,3951.00,0.484404,-192.11,-10.04,2543.18,-1.51,79.49,4.15,215.32,11.25
20,Exit Short,My Long Entry Id,2017-09-18 17:00,3951.00,0.44987,138.07,7.21,2735.30,1.1,581.19,30.34,50.16,2.62
20,Entry Short,My Short Entry Id,2017-09-11 05:00,4257.90,0.44987,138.07,7.21,2735.30,1.1,581.19,30.34,50.16,2.62
19,Exit Long,My Short Entry Id,2017-09-11 05:00,4257.90,0.416126,-138.49,-7.25,2597.23,-1.09,34.66,1.81,187.88,9.84
19,Entry Long,My Long Entry Id,2017-09-07 01:00,4590.70,0.416126,-138.49,-7.25,2597.23,-1.09,34.66,1.81,187.88,9.84
18,Exit Short,My Long Entry Id,2017-09-07 01:00,4590.70,0.420881,-17.13,-0.89,2735.72,-0.13,233.21,12.18,29.88,1.56
18,Entry Short,My Short Entry Id,2017-09-04 09:00,4550.00,0.420881,-17.13,-0.89,2735.72,-0.13,233.21,12.18,29.88,1.56
17,Exit Long,My Short Entry Id,2017-09-04 09:00,4550.00,0.450343,160.10,8.48,2752.85,1.27,328.93,17.41,62.19,3.29
17,Entry Long,My Long Entry Id,2017-08-23 21:00,4194.50,0.450343,160.10,8.48,2752.85,1.27,328.93,17.41,62.19,3.29
16,Exit Short,My Long Entry Id,2017-08-23 21:00,4194.50,0.493795,-158.01,-8.26,2592.75,-1.24,137.77,7.2,181.82,9.5
16,Entry Short,My Short Entry Id,2017-08-22 09:00,3874.50,0.493795,-158.01,-8.26,2592.75,-1.24,137.77,7.2,181.82,9.5
15,Exit Long,My Short Entry Id,2017-08-22 09:00,3874.50,0.649674,710.16,39.3,2750.77,5.9,1097.69,60.75,111.35,6.16
15,Entry Long,My Long Entry Id,2017-07-28 21:00,2781.40,0.649674,710.16,39.3,2750.77,5.9,1097.69,60.75,111.35,6.16
14,Exit Short,My Long Entry Id,2017-07-28 21:00,2781.40,0.744129,-227.63,-12.36,2040.61,-1.86,59.16,3.21,255.61,13.88
14,Entry Short,My Short Entry Id,2017-07-26 05:00,2475.50,0.744129,-227.63,-12.36,2040.61,-1.86,59.16,3.21,255.61,13.88
13,Exit Long,My Short Entry Id,2017-07-26 05:00,2475.50,0.833204,262.38,14.57,2268.24,2.19,642.23,35.68,20.25,1.12
13,Entry Long,My Long Entry Id,2017-07-18 05:00,2160.60,0.833204,262.38,14.57,2268.24,2.19,642.23,35.68,20.25,1.12
12,Exit Short,My Long Entry Id,2017-07-18 05:00,2160.60,0.704221,242.96,13.77,2005.86,2.07,463.87,26.29,90.63,5.14
12,Entry Short,My Short Entry Id,2017-06-26 09:00,2505.60,0.704221,242.96,13.77,2005.86,2.07,463.87,26.29,90.63,5.14
11,Exit Long,My Short Entry Id,2017-06-26 09:00,2505.60,0.675421,-85.64,-4.82,1762.91,-0.72,102.39,5.76,138.26,7.78
11,Entry Long,My Long Entry Id,2017-06-20 09:00,2632.40,0.675421,-85.64,-4.82,1762.91,-0.72,102.39,5.76,138.26,7.78
10,Exit Short,My Long Entry Id,2017-06-20 09:00,2632.40,0.666638,17.93,1.01,1848.55,0.15,362.52,20.45,90.80,5.12
10,Entry Short,My Short Entry Id,2017-06-13 01:00,2659.30,0.666638,17.93,1.01,1848.55,0.15,362.52,20.45,90.80,5.12
9,Exit Long,My Short Entry Id,2017-06-13 01:00,2659.30,0.691458,75.44,4.28,1830.62,0.64,293.73,16.66,8.64,0.49
9,Entry Long,My Long Entry Id,2017-06-05 09:00,2550.20,0.691458,75.44,4.28,1830.62,0.64,293.73,16.66,8.64,0.49
8,Exit Short,My Long Entry Id,2017-06-05 09:00,2550.20,0.759582,-150.55,-8.43,1755.18,-1.26,224.38,12.56,183.82,10.29
8,Entry Short,My Short Entry Id,2017-05-26 09:00,2352.00,0.759582,-150.55,-8.43,1755.18,-1.26,224.38,12.56,183.82,10.29
7,Exit Long,My Short Entry Id,2017-05-26 09:00,2352.00,1.288105,1462.90,93.37,1905.73,14.01,1981.62,126.48,7.99,0.51
7,Entry Long,My Long Entry Id,2017-04-20 17:00,1216.30,1.288105,1462.90,93.37,1905.73,14.01,1981.62,126.48,7.99,0.51
6,Exit Short,My Long Entry Id,2017-04-20 17:00,1216.30,1.346891,-62.63,-3.98,442.83,-0.6,42.83,2.72,64.11,4.07
6,Entry Short,My Short Entry Id,2017-04-14 01:00,1169.80,1.346891,-62.63,-3.98,442.83,-0.6,42.83,2.72,64.11,4.07
5,Exit Long,My Short Entry Id,2017-04-14 01:00,1169.80,1.479648,182.44,11.78,505.46,1.77,264.86,17.1,58.74,3.79
5,Entry Long,My Long Entry Id,2017-03-28 05:00,1046.50,1.479648,182.44,11.78,505.46,1.77,264.86,17.1,58.74,3.79
4,Exit Short,My Long Entry Id,2017-03-28 05:00,1046.50,1.341385,216.10,13.34,323.02,2.14,330.38,20.4,40.51,2.5
4,Entry Short,My Short Entry Id,2017-03-13 01:00,1207.60,1.341385,216.10,13.34,323.02,2.14,330.38,20.4,40.51,2.5
3,Exit Long,My Short Entry Id,2017-03-13 01:00,1207.60,1.235157,-28.78,-1.89,106.92,-0.28,25.32,1.67,238.51,15.69
3,Entry Long,My Long Entry Id,2017-03-11 01:00,1230.90,1.235157,-28.78,-1.89,106.92,-0.28,25.32,1.67,238.51,15.69
2,Exit Short,My Long Entry Id,2017-03-11 01:00,1230.90,1.265973,-33.17,-2.17,135.70,-0.33,109.38,7.17,78.24,5.13
2,Entry Short,My Short Entry Id,2017-03-07 17:00,1204.70,1.265973,-33.17,-2.17,135.70,-0.33,109.38,7.17,78.24,5.13
1,Exit Long,My Short Entry Id,2017-03-07 17:00,1204.70,1.385297,168.87,11.26,168.87,1.69,256.83,17.12,34.49,2.3
1,Entry Long,My Long Entry Id,2017-02-21 17:00,1082.80,1.385297,168.87,11.26,168.87,1.69,256.83,17.12,34.49,2.3